branch_id,branch,query,year,works,total_works,share_per_100k
expert-systems,Expert systems,"""expert system*""",1950,0,312851,0
expert-systems,Expert systems,"""expert system*""",1951,0,319173,0
expert-systems,Expert systems,"""expert system*""",1952,0,330035,0
expert-systems,Expert systems,"""expert system*""",1953,0,346304,0
expert-systems,Expert systems,"""expert system*""",1954,0,355124,0
expert-systems,Expert systems,"""expert system*""",1955,0,365453,0
expert-systems,Expert systems,"""expert system*""",1956,0,374480,0
expert-systems,Expert systems,"""expert system*""",1957,0,393989,0
expert-systems,Expert systems,"""expert system*""",1958,0,418068,0
expert-systems,Expert systems,"""expert system*""",1959,0,442727,0
expert-systems,Expert systems,"""expert system*""",1960,0,500061,0
expert-systems,Expert systems,"""expert system*""",1961,1,489185,0.2044
expert-systems,Expert systems,"""expert system*""",1962,0,516715,0
expert-systems,Expert systems,"""expert system*""",1963,0,568963,0
expert-systems,Expert systems,"""expert system*""",1964,0,600620,0
expert-systems,Expert systems,"""expert system*""",1965,0,648891,0
expert-systems,Expert systems,"""expert system*""",1966,0,703066,0
expert-systems,Expert systems,"""expert system*""",1967,0,755142,0
expert-systems,Expert systems,"""expert system*""",1968,1,808598,0.1237
expert-systems,Expert systems,"""expert system*""",1969,0,861849,0
expert-systems,Expert systems,"""expert system*""",1970,52,1010448,5.1462
expert-systems,Expert systems,"""expert system*""",1971,0,933800,0
expert-systems,Expert systems,"""expert system*""",1972,0,975399,0
expert-systems,Expert systems,"""expert system*""",1973,0,994696,0
expert-systems,Expert systems,"""expert system*""",1974,0,1035402,0
expert-systems,Expert systems,"""expert system*""",1975,1,1078301,0.0927
expert-systems,Expert systems,"""expert system*""",1976,1,1101044,0.0908
expert-systems,Expert systems,"""expert system*""",1977,1,1148931,0.087
expert-systems,Expert systems,"""expert system*""",1978,1,1200250,0.0833
expert-systems,Expert systems,"""expert system*""",1979,3,1246297,0.2407
expert-systems,Expert systems,"""expert system*""",1980,7,1367320,0.512
expert-systems,Expert systems,"""expert system*""",1981,24,1357201,1.7683
expert-systems,Expert systems,"""expert system*""",1982,42,1390231,3.0211
expert-systems,Expert systems,"""expert system*""",1983,121,1446210,8.3667
expert-systems,Expert systems,"""expert system*""",1984,261,1515009,17.2276
expert-systems,Expert systems,"""expert system*""",1985,557,1564860,35.5942
expert-systems,Expert systems,"""expert system*""",1986,990,1643998,60.2191
expert-systems,Expert systems,"""expert system*""",1987,1434,1731592,82.814
expert-systems,Expert systems,"""expert system*""",1988,1675,1812208,92.4287
expert-systems,Expert systems,"""expert system*""",1989,1745,1930828,90.3757
expert-systems,Expert systems,"""expert system*""",1990,1859,2092175,88.8549
expert-systems,Expert systems,"""expert system*""",1991,1593,2088432,76.2773
expert-systems,Expert systems,"""expert system*""",1992,1472,2187437,67.2934
expert-systems,Expert systems,"""expert system*""",1993,1158,2281828,50.7488
expert-systems,Expert systems,"""expert system*""",1994,989,2408187,41.0682
expert-systems,Expert systems,"""expert system*""",1995,804,2559331,31.4145
expert-systems,Expert systems,"""expert system*""",1996,741,2772211,26.7296
expert-systems,Expert systems,"""expert system*""",1997,588,2863925,20.5313
expert-systems,Expert systems,"""expert system*""",1998,497,3049279,16.2989
expert-systems,Expert systems,"""expert system*""",1999,473,3164532,14.9469
expert-systems,Expert systems,"""expert system*""",2000,524,3819839,13.7179
expert-systems,Expert systems,"""expert system*""",2001,500,3823161,13.0782
expert-systems,Expert systems,"""expert system*""",2002,1243,4435510,28.0238
expert-systems,Expert systems,"""expert system*""",2003,942,4719053,19.9616
expert-systems,Expert systems,"""expert system*""",2004,608,5122354,11.8695
expert-systems,Expert systems,"""expert system*""",2005,862,5473330,15.7491
expert-systems,Expert systems,"""expert system*""",2006,675,5962176,11.3214
expert-systems,Expert systems,"""expert system*""",2007,654,6498279,10.0642
expert-systems,Expert systems,"""expert system*""",2008,730,6992649,10.4395
expert-systems,Expert systems,"""expert system*""",2009,757,7564516,10.0072
expert-systems,Expert systems,"""expert system*""",2010,817,8106478,10.0784
expert-systems,Expert systems,"""expert system*""",2011,786,8722894,9.0108
expert-systems,Expert systems,"""expert system*""",2012,722,8993417,8.0281
expert-systems,Expert systems,"""expert system*""",2013,697,9445386,7.3793
expert-systems,Expert systems,"""expert system*""",2014,638,9998226,6.3811
expert-systems,Expert systems,"""expert system*""",2015,551,10215433,5.3938
expert-systems,Expert systems,"""expert system*""",2016,537,10628204,5.0526
expert-systems,Expert systems,"""expert system*""",2017,634,10486826,6.0457
expert-systems,Expert systems,"""expert system*""",2018,666,10440560,6.379
expert-systems,Expert systems,"""expert system*""",2019,730,10809025,6.7536
expert-systems,Expert systems,"""expert system*""",2020,662,11502225,5.7554
expert-systems,Expert systems,"""expert system*""",2021,611,10787054,5.6642
expert-systems,Expert systems,"""expert system*""",2022,557,10282098,5.4172
expert-systems,Expert systems,"""expert system*""",2023,620,10918455,5.6785
expert-systems,Expert systems,"""expert system*""",2024,619,10868091,5.6956
expert-systems,Expert systems,"""expert system*""",2025,610,14673699,4.1571
symbolic-ai,Symbolic AI,"""symbolic artificial intelligence""",1950,0,312851,0
symbolic-ai,Symbolic AI,"""symbolic artificial intelligence""",1951,0,319173,0
symbolic-ai,Symbolic AI,"""symbolic artificial intelligence""",1952,0,330035,0
symbolic-ai,Symbolic AI,"""symbolic artificial intelligence""",1953,0,346304,0
symbolic-ai,Symbolic AI,"""symbolic artificial intelligence""",1954,0,355124,0
symbolic-ai,Symbolic AI,"""symbolic artificial intelligence""",1955,0,365453,0
symbolic-ai,Symbolic AI,"""symbolic artificial intelligence""",1956,0,374480,0
symbolic-ai,Symbolic AI,"""symbolic artificial intelligence""",1957,0,393989,0
symbolic-ai,Symbolic AI,"""symbolic artificial intelligence""",1958,0,418068,0
symbolic-ai,Symbolic AI,"""symbolic artificial intelligence""",1959,0,442727,0
symbolic-ai,Symbolic AI,"""symbolic artificial intelligence""",1960,0,500061,0
symbolic-ai,Symbolic AI,"""symbolic artificial intelligence""",1961,0,489185,0
symbolic-ai,Symbolic AI,"""symbolic artificial intelligence""",1962,0,516715,0
symbolic-ai,Symbolic AI,"""symbolic artificial intelligence""",1963,0,568963,0
symbolic-ai,Symbolic AI,"""symbolic artificial intelligence""",1964,0,600620,0
symbolic-ai,Symbolic AI,"""symbolic artificial intelligence""",1965,0,648891,0
symbolic-ai,Symbolic AI,"""symbolic artificial intelligence""",1966,0,703066,0
symbolic-ai,Symbolic AI,"""symbolic artificial intelligence""",1967,0,755142,0
symbolic-ai,Symbolic AI,"""symbolic artificial intelligence""",1968,0,808598,0
symbolic-ai,Symbolic AI,"""symbolic artificial intelligence""",1969,0,861849,0
symbolic-ai,Symbolic AI,"""symbolic artificial intelligence""",1970,0,1010448,0
symbolic-ai,Symbolic AI,"""symbolic artificial intelligence""",1971,0,933800,0
symbolic-ai,Symbolic AI,"""symbolic artificial intelligence""",1972,0,975399,0
symbolic-ai,Symbolic AI,"""symbolic artificial intelligence""",1973,0,994696,0
symbolic-ai,Symbolic AI,"""symbolic artificial intelligence""",1974,0,1035402,0
symbolic-ai,Symbolic AI,"""symbolic artificial intelligence""",1975,0,1078301,0
symbolic-ai,Symbolic AI,"""symbolic artificial intelligence""",1976,0,1101044,0
symbolic-ai,Symbolic AI,"""symbolic artificial intelligence""",1977,0,1148931,0
symbolic-ai,Symbolic AI,"""symbolic artificial intelligence""",1978,0,1200250,0
symbolic-ai,Symbolic AI,"""symbolic artificial intelligence""",1979,0,1246297,0
symbolic-ai,Symbolic AI,"""symbolic artificial intelligence""",1980,0,1367320,0
symbolic-ai,Symbolic AI,"""symbolic artificial intelligence""",1981,0,1357201,0
symbolic-ai,Symbolic AI,"""symbolic artificial intelligence""",1982,0,1390231,0
symbolic-ai,Symbolic AI,"""symbolic artificial intelligence""",1983,0,1446210,0
symbolic-ai,Symbolic AI,"""symbolic artificial intelligence""",1984,0,1515009,0
symbolic-ai,Symbolic AI,"""symbolic artificial intelligence""",1985,0,1564860,0
symbolic-ai,Symbolic AI,"""symbolic artificial intelligence""",1986,0,1643998,0
symbolic-ai,Symbolic AI,"""symbolic artificial intelligence""",1987,0,1731592,0
symbolic-ai,Symbolic AI,"""symbolic artificial intelligence""",1988,0,1812208,0
symbolic-ai,Symbolic AI,"""symbolic artificial intelligence""",1989,0,1930828,0
symbolic-ai,Symbolic AI,"""symbolic artificial intelligence""",1990,0,2092175,0
symbolic-ai,Symbolic AI,"""symbolic artificial intelligence""",1991,0,2088432,0
symbolic-ai,Symbolic AI,"""symbolic artificial intelligence""",1992,0,2187437,0
symbolic-ai,Symbolic AI,"""symbolic artificial intelligence""",1993,0,2281828,0
symbolic-ai,Symbolic AI,"""symbolic artificial intelligence""",1994,1,2408187,0.0415
symbolic-ai,Symbolic AI,"""symbolic artificial intelligence""",1995,0,2559331,0
symbolic-ai,Symbolic AI,"""symbolic artificial intelligence""",1996,1,2772211,0.0361
symbolic-ai,Symbolic AI,"""symbolic artificial intelligence""",1997,0,2863925,0
symbolic-ai,Symbolic AI,"""symbolic artificial intelligence""",1998,0,3049279,0
symbolic-ai,Symbolic AI,"""symbolic artificial intelligence""",1999,0,3164532,0
symbolic-ai,Symbolic AI,"""symbolic artificial intelligence""",2000,0,3819839,0
symbolic-ai,Symbolic AI,"""symbolic artificial intelligence""",2001,0,3823161,0
symbolic-ai,Symbolic AI,"""symbolic artificial intelligence""",2002,1,4435510,0.0225
symbolic-ai,Symbolic AI,"""symbolic artificial intelligence""",2003,0,4719053,0
symbolic-ai,Symbolic AI,"""symbolic artificial intelligence""",2004,1,5122354,0.0195
symbolic-ai,Symbolic AI,"""symbolic artificial intelligence""",2005,0,5473330,0
symbolic-ai,Symbolic AI,"""symbolic artificial intelligence""",2006,0,5962176,0
symbolic-ai,Symbolic AI,"""symbolic artificial intelligence""",2007,1,6498279,0.0154
symbolic-ai,Symbolic AI,"""symbolic artificial intelligence""",2008,0,6992649,0
symbolic-ai,Symbolic AI,"""symbolic artificial intelligence""",2009,0,7564516,0
symbolic-ai,Symbolic AI,"""symbolic artificial intelligence""",2010,0,8106478,0
symbolic-ai,Symbolic AI,"""symbolic artificial intelligence""",2011,0,8722894,0
symbolic-ai,Symbolic AI,"""symbolic artificial intelligence""",2012,0,8993417,0
symbolic-ai,Symbolic AI,"""symbolic artificial intelligence""",2013,1,9445386,0.0106
symbolic-ai,Symbolic AI,"""symbolic artificial intelligence""",2014,0,9998226,0
symbolic-ai,Symbolic AI,"""symbolic artificial intelligence""",2015,0,10215433,0
symbolic-ai,Symbolic AI,"""symbolic artificial intelligence""",2016,1,10628204,0.0094
symbolic-ai,Symbolic AI,"""symbolic artificial intelligence""",2017,1,10486826,0.0095
symbolic-ai,Symbolic AI,"""symbolic artificial intelligence""",2018,0,10440560,0
symbolic-ai,Symbolic AI,"""symbolic artificial intelligence""",2019,2,10809025,0.0185
symbolic-ai,Symbolic AI,"""symbolic artificial intelligence""",2020,4,11502225,0.0348
symbolic-ai,Symbolic AI,"""symbolic artificial intelligence""",2021,6,10787054,0.0556
symbolic-ai,Symbolic AI,"""symbolic artificial intelligence""",2022,4,10282098,0.0389
symbolic-ai,Symbolic AI,"""symbolic artificial intelligence""",2023,3,10918455,0.0275
symbolic-ai,Symbolic AI,"""symbolic artificial intelligence""",2024,14,10868091,0.1288
symbolic-ai,Symbolic AI,"""symbolic artificial intelligence""",2025,13,14673699,0.0886
case-based-reasoning,Case-based reasoning,"""case-based reasoning""|""case based reasoning""",1950,0,312851,0
case-based-reasoning,Case-based reasoning,"""case-based reasoning""|""case based reasoning""",1951,0,319173,0
case-based-reasoning,Case-based reasoning,"""case-based reasoning""|""case based reasoning""",1952,0,330035,0
case-based-reasoning,Case-based reasoning,"""case-based reasoning""|""case based reasoning""",1953,0,346304,0
case-based-reasoning,Case-based reasoning,"""case-based reasoning""|""case based reasoning""",1954,0,355124,0
case-based-reasoning,Case-based reasoning,"""case-based reasoning""|""case based reasoning""",1955,0,365453,0
case-based-reasoning,Case-based reasoning,"""case-based reasoning""|""case based reasoning""",1956,0,374480,0
case-based-reasoning,Case-based reasoning,"""case-based reasoning""|""case based reasoning""",1957,0,393989,0
case-based-reasoning,Case-based reasoning,"""case-based reasoning""|""case based reasoning""",1958,0,418068,0
case-based-reasoning,Case-based reasoning,"""case-based reasoning""|""case based reasoning""",1959,0,442727,0
case-based-reasoning,Case-based reasoning,"""case-based reasoning""|""case based reasoning""",1960,0,500061,0
case-based-reasoning,Case-based reasoning,"""case-based reasoning""|""case based reasoning""",1961,0,489185,0
case-based-reasoning,Case-based reasoning,"""case-based reasoning""|""case based reasoning""",1962,0,516715,0
case-based-reasoning,Case-based reasoning,"""case-based reasoning""|""case based reasoning""",1963,0,568963,0
case-based-reasoning,Case-based reasoning,"""case-based reasoning""|""case based reasoning""",1964,0,600620,0
case-based-reasoning,Case-based reasoning,"""case-based reasoning""|""case based reasoning""",1965,0,648891,0
case-based-reasoning,Case-based reasoning,"""case-based reasoning""|""case based reasoning""",1966,0,703066,0
case-based-reasoning,Case-based reasoning,"""case-based reasoning""|""case based reasoning""",1967,0,755142,0
case-based-reasoning,Case-based reasoning,"""case-based reasoning""|""case based reasoning""",1968,0,808598,0
case-based-reasoning,Case-based reasoning,"""case-based reasoning""|""case based reasoning""",1969,0,861849,0
case-based-reasoning,Case-based reasoning,"""case-based reasoning""|""case based reasoning""",1970,3,1010448,0.2969
case-based-reasoning,Case-based reasoning,"""case-based reasoning""|""case based reasoning""",1971,0,933800,0
case-based-reasoning,Case-based reasoning,"""case-based reasoning""|""case based reasoning""",1972,0,975399,0
case-based-reasoning,Case-based reasoning,"""case-based reasoning""|""case based reasoning""",1973,0,994696,0
case-based-reasoning,Case-based reasoning,"""case-based reasoning""|""case based reasoning""",1974,0,1035402,0
case-based-reasoning,Case-based reasoning,"""case-based reasoning""|""case based reasoning""",1975,0,1078301,0
case-based-reasoning,Case-based reasoning,"""case-based reasoning""|""case based reasoning""",1976,0,1101044,0
case-based-reasoning,Case-based reasoning,"""case-based reasoning""|""case based reasoning""",1977,0,1148931,0
case-based-reasoning,Case-based reasoning,"""case-based reasoning""|""case based reasoning""",1978,0,1200250,0
case-based-reasoning,Case-based reasoning,"""case-based reasoning""|""case based reasoning""",1979,0,1246297,0
case-based-reasoning,Case-based reasoning,"""case-based reasoning""|""case based reasoning""",1980,0,1367320,0
case-based-reasoning,Case-based reasoning,"""case-based reasoning""|""case based reasoning""",1981,0,1357201,0
case-based-reasoning,Case-based reasoning,"""case-based reasoning""|""case based reasoning""",1982,0,1390231,0
case-based-reasoning,Case-based reasoning,"""case-based reasoning""|""case based reasoning""",1983,0,1446210,0
case-based-reasoning,Case-based reasoning,"""case-based reasoning""|""case based reasoning""",1984,0,1515009,0
case-based-reasoning,Case-based reasoning,"""case-based reasoning""|""case based reasoning""",1985,2,1564860,0.1278
case-based-reasoning,Case-based reasoning,"""case-based reasoning""|""case based reasoning""",1986,4,1643998,0.2433
case-based-reasoning,Case-based reasoning,"""case-based reasoning""|""case based reasoning""",1987,4,1731592,0.231
case-based-reasoning,Case-based reasoning,"""case-based reasoning""|""case based reasoning""",1988,13,1812208,0.7174
case-based-reasoning,Case-based reasoning,"""case-based reasoning""|""case based reasoning""",1989,9,1930828,0.4661
case-based-reasoning,Case-based reasoning,"""case-based reasoning""|""case based reasoning""",1990,21,2092175,1.0037
case-based-reasoning,Case-based reasoning,"""case-based reasoning""|""case based reasoning""",1991,22,2088432,1.0534
case-based-reasoning,Case-based reasoning,"""case-based reasoning""|""case based reasoning""",1992,35,2187437,1.6
case-based-reasoning,Case-based reasoning,"""case-based reasoning""|""case based reasoning""",1993,55,2281828,2.4103
case-based-reasoning,Case-based reasoning,"""case-based reasoning""|""case based reasoning""",1994,95,2408187,3.9449
case-based-reasoning,Case-based reasoning,"""case-based reasoning""|""case based reasoning""",1995,106,2559331,4.1417
case-based-reasoning,Case-based reasoning,"""case-based reasoning""|""case based reasoning""",1996,85,2772211,3.0661
case-based-reasoning,Case-based reasoning,"""case-based reasoning""|""case based reasoning""",1997,120,2863925,4.1901
case-based-reasoning,Case-based reasoning,"""case-based reasoning""|""case based reasoning""",1998,124,3049279,4.0665
case-based-reasoning,Case-based reasoning,"""case-based reasoning""|""case based reasoning""",1999,120,3164532,3.792
case-based-reasoning,Case-based reasoning,"""case-based reasoning""|""case based reasoning""",2000,109,3819839,2.8535
case-based-reasoning,Case-based reasoning,"""case-based reasoning""|""case based reasoning""",2001,151,3823161,3.9496
case-based-reasoning,Case-based reasoning,"""case-based reasoning""|""case based reasoning""",2002,220,4435510,4.96
case-based-reasoning,Case-based reasoning,"""case-based reasoning""|""case based reasoning""",2003,202,4719053,4.2805
case-based-reasoning,Case-based reasoning,"""case-based reasoning""|""case based reasoning""",2004,209,5122354,4.0802
case-based-reasoning,Case-based reasoning,"""case-based reasoning""|""case based reasoning""",2005,234,5473330,4.2753
case-based-reasoning,Case-based reasoning,"""case-based reasoning""|""case based reasoning""",2006,266,5962176,4.4615
case-based-reasoning,Case-based reasoning,"""case-based reasoning""|""case based reasoning""",2007,255,6498279,3.9241
case-based-reasoning,Case-based reasoning,"""case-based reasoning""|""case based reasoning""",2008,266,6992649,3.804
case-based-reasoning,Case-based reasoning,"""case-based reasoning""|""case based reasoning""",2009,250,7564516,3.3049
case-based-reasoning,Case-based reasoning,"""case-based reasoning""|""case based reasoning""",2010,265,8106478,3.269
case-based-reasoning,Case-based reasoning,"""case-based reasoning""|""case based reasoning""",2011,252,8722894,2.8889
case-based-reasoning,Case-based reasoning,"""case-based reasoning""|""case based reasoning""",2012,294,8993417,3.2691
case-based-reasoning,Case-based reasoning,"""case-based reasoning""|""case based reasoning""",2013,232,9445386,2.4562
case-based-reasoning,Case-based reasoning,"""case-based reasoning""|""case based reasoning""",2014,262,9998226,2.6205
case-based-reasoning,Case-based reasoning,"""case-based reasoning""|""case based reasoning""",2015,244,10215433,2.3885
case-based-reasoning,Case-based reasoning,"""case-based reasoning""|""case based reasoning""",2016,188,10628204,1.7689
case-based-reasoning,Case-based reasoning,"""case-based reasoning""|""case based reasoning""",2017,247,10486826,2.3553
case-based-reasoning,Case-based reasoning,"""case-based reasoning""|""case based reasoning""",2018,224,10440560,2.1455
case-based-reasoning,Case-based reasoning,"""case-based reasoning""|""case based reasoning""",2019,266,10809025,2.4609
case-based-reasoning,Case-based reasoning,"""case-based reasoning""|""case based reasoning""",2020,256,11502225,2.2257
case-based-reasoning,Case-based reasoning,"""case-based reasoning""|""case based reasoning""",2021,218,10787054,2.0209
case-based-reasoning,Case-based reasoning,"""case-based reasoning""|""case based reasoning""",2022,185,10282098,1.7992
case-based-reasoning,Case-based reasoning,"""case-based reasoning""|""case based reasoning""",2023,194,10918455,1.7768
case-based-reasoning,Case-based reasoning,"""case-based reasoning""|""case based reasoning""",2024,172,10868091,1.5826
case-based-reasoning,Case-based reasoning,"""case-based reasoning""|""case based reasoning""",2025,164,14673699,1.1176
inductive-logic-programming,Inductive logic programming,"""inductive logic programming""",1950,0,312851,0
inductive-logic-programming,Inductive logic programming,"""inductive logic programming""",1951,0,319173,0
inductive-logic-programming,Inductive logic programming,"""inductive logic programming""",1952,0,330035,0
inductive-logic-programming,Inductive logic programming,"""inductive logic programming""",1953,0,346304,0
inductive-logic-programming,Inductive logic programming,"""inductive logic programming""",1954,0,355124,0
inductive-logic-programming,Inductive logic programming,"""inductive logic programming""",1955,0,365453,0
inductive-logic-programming,Inductive logic programming,"""inductive logic programming""",1956,0,374480,0
inductive-logic-programming,Inductive logic programming,"""inductive logic programming""",1957,0,393989,0
inductive-logic-programming,Inductive logic programming,"""inductive logic programming""",1958,0,418068,0
inductive-logic-programming,Inductive logic programming,"""inductive logic programming""",1959,0,442727,0
inductive-logic-programming,Inductive logic programming,"""inductive logic programming""",1960,0,500061,0
inductive-logic-programming,Inductive logic programming,"""inductive logic programming""",1961,0,489185,0
inductive-logic-programming,Inductive logic programming,"""inductive logic programming""",1962,0,516715,0
inductive-logic-programming,Inductive logic programming,"""inductive logic programming""",1963,0,568963,0
inductive-logic-programming,Inductive logic programming,"""inductive logic programming""",1964,0,600620,0
inductive-logic-programming,Inductive logic programming,"""inductive logic programming""",1965,0,648891,0
inductive-logic-programming,Inductive logic programming,"""inductive logic programming""",1966,0,703066,0
inductive-logic-programming,Inductive logic programming,"""inductive logic programming""",1967,0,755142,0
inductive-logic-programming,Inductive logic programming,"""inductive logic programming""",1968,0,808598,0
inductive-logic-programming,Inductive logic programming,"""inductive logic programming""",1969,0,861849,0
inductive-logic-programming,Inductive logic programming,"""inductive logic programming""",1970,0,1010448,0
inductive-logic-programming,Inductive logic programming,"""inductive logic programming""",1971,0,933800,0
inductive-logic-programming,Inductive logic programming,"""inductive logic programming""",1972,0,975399,0
inductive-logic-programming,Inductive logic programming,"""inductive logic programming""",1973,0,994696,0
inductive-logic-programming,Inductive logic programming,"""inductive logic programming""",1974,0,1035402,0
inductive-logic-programming,Inductive logic programming,"""inductive logic programming""",1975,0,1078301,0
inductive-logic-programming,Inductive logic programming,"""inductive logic programming""",1976,0,1101044,0
inductive-logic-programming,Inductive logic programming,"""inductive logic programming""",1977,0,1148931,0
inductive-logic-programming,Inductive logic programming,"""inductive logic programming""",1978,0,1200250,0
inductive-logic-programming,Inductive logic programming,"""inductive logic programming""",1979,0,1246297,0
inductive-logic-programming,Inductive logic programming,"""inductive logic programming""",1980,0,1367320,0
inductive-logic-programming,Inductive logic programming,"""inductive logic programming""",1981,0,1357201,0
inductive-logic-programming,Inductive logic programming,"""inductive logic programming""",1982,0,1390231,0
inductive-logic-programming,Inductive logic programming,"""inductive logic programming""",1983,0,1446210,0
inductive-logic-programming,Inductive logic programming,"""inductive logic programming""",1984,0,1515009,0
inductive-logic-programming,Inductive logic programming,"""inductive logic programming""",1985,0,1564860,0
inductive-logic-programming,Inductive logic programming,"""inductive logic programming""",1986,0,1643998,0
inductive-logic-programming,Inductive logic programming,"""inductive logic programming""",1987,0,1731592,0
inductive-logic-programming,Inductive logic programming,"""inductive logic programming""",1988,0,1812208,0
inductive-logic-programming,Inductive logic programming,"""inductive logic programming""",1989,0,1930828,0
inductive-logic-programming,Inductive logic programming,"""inductive logic programming""",1990,0,2092175,0
inductive-logic-programming,Inductive logic programming,"""inductive logic programming""",1991,3,2088432,0.1436
inductive-logic-programming,Inductive logic programming,"""inductive logic programming""",1992,6,2187437,0.2743
inductive-logic-programming,Inductive logic programming,"""inductive logic programming""",1993,15,2281828,0.6574
inductive-logic-programming,Inductive logic programming,"""inductive logic programming""",1994,22,2408187,0.9136
inductive-logic-programming,Inductive logic programming,"""inductive logic programming""",1995,20,2559331,0.7815
inductive-logic-programming,Inductive logic programming,"""inductive logic programming""",1996,39,2772211,1.4068
inductive-logic-programming,Inductive logic programming,"""inductive logic programming""",1997,32,2863925,1.1173
inductive-logic-programming,Inductive logic programming,"""inductive logic programming""",1998,25,3049279,0.8199
inductive-logic-programming,Inductive logic programming,"""inductive logic programming""",1999,39,3164532,1.2324
inductive-logic-programming,Inductive logic programming,"""inductive logic programming""",2000,37,3819839,0.9686
inductive-logic-programming,Inductive logic programming,"""inductive logic programming""",2001,36,3823161,0.9416
inductive-logic-programming,Inductive logic programming,"""inductive logic programming""",2002,33,4435510,0.744
inductive-logic-programming,Inductive logic programming,"""inductive logic programming""",2003,36,4719053,0.7629
inductive-logic-programming,Inductive logic programming,"""inductive logic programming""",2004,29,5122354,0.5661
inductive-logic-programming,Inductive logic programming,"""inductive logic programming""",2005,29,5473330,0.5298
inductive-logic-programming,Inductive logic programming,"""inductive logic programming""",2006,24,5962176,0.4025
inductive-logic-programming,Inductive logic programming,"""inductive logic programming""",2007,31,6498279,0.477
inductive-logic-programming,Inductive logic programming,"""inductive logic programming""",2008,30,6992649,0.429
inductive-logic-programming,Inductive logic programming,"""inductive logic programming""",2009,23,7564516,0.3041
inductive-logic-programming,Inductive logic programming,"""inductive logic programming""",2010,31,8106478,0.3824
inductive-logic-programming,Inductive logic programming,"""inductive logic programming""",2011,27,8722894,0.3095
inductive-logic-programming,Inductive logic programming,"""inductive logic programming""",2012,23,8993417,0.2557
inductive-logic-programming,Inductive logic programming,"""inductive logic programming""",2013,20,9445386,0.2117
inductive-logic-programming,Inductive logic programming,"""inductive logic programming""",2014,17,9998226,0.17
inductive-logic-programming,Inductive logic programming,"""inductive logic programming""",2015,15,10215433,0.1468
inductive-logic-programming,Inductive logic programming,"""inductive logic programming""",2016,15,10628204,0.1411
inductive-logic-programming,Inductive logic programming,"""inductive logic programming""",2017,21,10486826,0.2003
inductive-logic-programming,Inductive logic programming,"""inductive logic programming""",2018,22,10440560,0.2107
inductive-logic-programming,Inductive logic programming,"""inductive logic programming""",2019,9,10809025,0.0833
inductive-logic-programming,Inductive logic programming,"""inductive logic programming""",2020,15,11502225,0.1304
inductive-logic-programming,Inductive logic programming,"""inductive logic programming""",2021,20,10787054,0.1854
inductive-logic-programming,Inductive logic programming,"""inductive logic programming""",2022,15,10282098,0.1459
inductive-logic-programming,Inductive logic programming,"""inductive logic programming""",2023,15,10918455,0.1374
inductive-logic-programming,Inductive logic programming,"""inductive logic programming""",2024,12,10868091,0.1104
inductive-logic-programming,Inductive logic programming,"""inductive logic programming""",2025,18,14673699,0.1227
learning-classifier-systems,Learning classifier systems,"""learning classifier system*""",1950,0,312851,0
learning-classifier-systems,Learning classifier systems,"""learning classifier system*""",1951,0,319173,0
learning-classifier-systems,Learning classifier systems,"""learning classifier system*""",1952,0,330035,0
learning-classifier-systems,Learning classifier systems,"""learning classifier system*""",1953,0,346304,0
learning-classifier-systems,Learning classifier systems,"""learning classifier system*""",1954,0,355124,0
learning-classifier-systems,Learning classifier systems,"""learning classifier system*""",1955,0,365453,0
learning-classifier-systems,Learning classifier systems,"""learning classifier system*""",1956,0,374480,0
learning-classifier-systems,Learning classifier systems,"""learning classifier system*""",1957,0,393989,0
learning-classifier-systems,Learning classifier systems,"""learning classifier system*""",1958,0,418068,0
learning-classifier-systems,Learning classifier systems,"""learning classifier system*""",1959,0,442727,0
learning-classifier-systems,Learning classifier systems,"""learning classifier system*""",1960,0,500061,0
learning-classifier-systems,Learning classifier systems,"""learning classifier system*""",1961,0,489185,0
learning-classifier-systems,Learning classifier systems,"""learning classifier system*""",1962,0,516715,0
learning-classifier-systems,Learning classifier systems,"""learning classifier system*""",1963,0,568963,0
learning-classifier-systems,Learning classifier systems,"""learning classifier system*""",1964,0,600620,0
learning-classifier-systems,Learning classifier systems,"""learning classifier system*""",1965,0,648891,0
learning-classifier-systems,Learning classifier systems,"""learning classifier system*""",1966,0,703066,0
learning-classifier-systems,Learning classifier systems,"""learning classifier system*""",1967,0,755142,0
learning-classifier-systems,Learning classifier systems,"""learning classifier system*""",1968,0,808598,0
learning-classifier-systems,Learning classifier systems,"""learning classifier system*""",1969,0,861849,0
learning-classifier-systems,Learning classifier systems,"""learning classifier system*""",1970,0,1010448,0
learning-classifier-systems,Learning classifier systems,"""learning classifier system*""",1971,0,933800,0
learning-classifier-systems,Learning classifier systems,"""learning classifier system*""",1972,0,975399,0
learning-classifier-systems,Learning classifier systems,"""learning classifier system*""",1973,0,994696,0
learning-classifier-systems,Learning classifier systems,"""learning classifier system*""",1974,0,1035402,0
learning-classifier-systems,Learning classifier systems,"""learning classifier system*""",1975,0,1078301,0
learning-classifier-systems,Learning classifier systems,"""learning classifier system*""",1976,0,1101044,0
learning-classifier-systems,Learning classifier systems,"""learning classifier system*""",1977,0,1148931,0
learning-classifier-systems,Learning classifier systems,"""learning classifier system*""",1978,0,1200250,0
learning-classifier-systems,Learning classifier systems,"""learning classifier system*""",1979,0,1246297,0
learning-classifier-systems,Learning classifier systems,"""learning classifier system*""",1980,0,1367320,0
learning-classifier-systems,Learning classifier systems,"""learning classifier system*""",1981,0,1357201,0
learning-classifier-systems,Learning classifier systems,"""learning classifier system*""",1982,0,1390231,0
learning-classifier-systems,Learning classifier systems,"""learning classifier system*""",1983,0,1446210,0
learning-classifier-systems,Learning classifier systems,"""learning classifier system*""",1984,0,1515009,0
learning-classifier-systems,Learning classifier systems,"""learning classifier system*""",1985,0,1564860,0
learning-classifier-systems,Learning classifier systems,"""learning classifier system*""",1986,0,1643998,0
learning-classifier-systems,Learning classifier systems,"""learning classifier system*""",1987,0,1731592,0
learning-classifier-systems,Learning classifier systems,"""learning classifier system*""",1988,1,1812208,0.0552
learning-classifier-systems,Learning classifier systems,"""learning classifier system*""",1989,3,1930828,0.1554
learning-classifier-systems,Learning classifier systems,"""learning classifier system*""",1990,0,2092175,0
learning-classifier-systems,Learning classifier systems,"""learning classifier system*""",1991,4,2088432,0.1915
learning-classifier-systems,Learning classifier systems,"""learning classifier system*""",1992,3,2187437,0.1371
learning-classifier-systems,Learning classifier systems,"""learning classifier system*""",1993,3,2281828,0.1315
learning-classifier-systems,Learning classifier systems,"""learning classifier system*""",1994,7,2408187,0.2907
learning-classifier-systems,Learning classifier systems,"""learning classifier system*""",1995,6,2559331,0.2344
learning-classifier-systems,Learning classifier systems,"""learning classifier system*""",1996,7,2772211,0.2525
learning-classifier-systems,Learning classifier systems,"""learning classifier system*""",1997,3,2863925,0.1048
learning-classifier-systems,Learning classifier systems,"""learning classifier system*""",1998,4,3049279,0.1312
learning-classifier-systems,Learning classifier systems,"""learning classifier system*""",1999,7,3164532,0.2212
learning-classifier-systems,Learning classifier systems,"""learning classifier system*""",2000,27,3819839,0.7068
learning-classifier-systems,Learning classifier systems,"""learning classifier system*""",2001,15,3823161,0.3923
learning-classifier-systems,Learning classifier systems,"""learning classifier system*""",2002,35,4435510,0.7891
learning-classifier-systems,Learning classifier systems,"""learning classifier system*""",2003,35,4719053,0.7417
learning-classifier-systems,Learning classifier systems,"""learning classifier system*""",2004,45,5122354,0.8785
learning-classifier-systems,Learning classifier systems,"""learning classifier system*""",2005,43,5473330,0.7856
learning-classifier-systems,Learning classifier systems,"""learning classifier system*""",2006,37,5962176,0.6206
learning-classifier-systems,Learning classifier systems,"""learning classifier system*""",2007,44,6498279,0.6771
learning-classifier-systems,Learning classifier systems,"""learning classifier system*""",2008,51,6992649,0.7293
learning-classifier-systems,Learning classifier systems,"""learning classifier system*""",2009,28,7564516,0.3701
learning-classifier-systems,Learning classifier systems,"""learning classifier system*""",2010,33,8106478,0.4071
learning-classifier-systems,Learning classifier systems,"""learning classifier system*""",2011,29,8722894,0.3325
learning-classifier-systems,Learning classifier systems,"""learning classifier system*""",2012,24,8993417,0.2669
learning-classifier-systems,Learning classifier systems,"""learning classifier system*""",2013,29,9445386,0.307
learning-classifier-systems,Learning classifier systems,"""learning classifier system*""",2014,25,9998226,0.25
learning-classifier-systems,Learning classifier systems,"""learning classifier system*""",2015,17,10215433,0.1664
learning-classifier-systems,Learning classifier systems,"""learning classifier system*""",2016,13,10628204,0.1223
learning-classifier-systems,Learning classifier systems,"""learning classifier system*""",2017,22,10486826,0.2098
learning-classifier-systems,Learning classifier systems,"""learning classifier system*""",2018,14,10440560,0.1341
learning-classifier-systems,Learning classifier systems,"""learning classifier system*""",2019,12,10809025,0.111
learning-classifier-systems,Learning classifier systems,"""learning classifier system*""",2020,14,11502225,0.1217
learning-classifier-systems,Learning classifier systems,"""learning classifier system*""",2021,19,10787054,0.1761
learning-classifier-systems,Learning classifier systems,"""learning classifier system*""",2022,28,10282098,0.2723
learning-classifier-systems,Learning classifier systems,"""learning classifier system*""",2023,7,10918455,0.0641
learning-classifier-systems,Learning classifier systems,"""learning classifier system*""",2024,8,10868091,0.0736
learning-classifier-systems,Learning classifier systems,"""learning classifier system*""",2025,5,14673699,0.0341
fuzzy-logic,Fuzzy logic,"""fuzzy logic""",1950,0,312851,0
fuzzy-logic,Fuzzy logic,"""fuzzy logic""",1951,0,319173,0
fuzzy-logic,Fuzzy logic,"""fuzzy logic""",1952,0,330035,0
fuzzy-logic,Fuzzy logic,"""fuzzy logic""",1953,0,346304,0
fuzzy-logic,Fuzzy logic,"""fuzzy logic""",1954,0,355124,0
fuzzy-logic,Fuzzy logic,"""fuzzy logic""",1955,0,365453,0
fuzzy-logic,Fuzzy logic,"""fuzzy logic""",1956,0,374480,0
fuzzy-logic,Fuzzy logic,"""fuzzy logic""",1957,0,393989,0
fuzzy-logic,Fuzzy logic,"""fuzzy logic""",1958,0,418068,0
fuzzy-logic,Fuzzy logic,"""fuzzy logic""",1959,0,442727,0
fuzzy-logic,Fuzzy logic,"""fuzzy logic""",1960,0,500061,0
fuzzy-logic,Fuzzy logic,"""fuzzy logic""",1961,0,489185,0
fuzzy-logic,Fuzzy logic,"""fuzzy logic""",1962,0,516715,0
fuzzy-logic,Fuzzy logic,"""fuzzy logic""",1963,0,568963,0
fuzzy-logic,Fuzzy logic,"""fuzzy logic""",1964,0,600620,0
fuzzy-logic,Fuzzy logic,"""fuzzy logic""",1965,0,648891,0
fuzzy-logic,Fuzzy logic,"""fuzzy logic""",1966,0,703066,0
fuzzy-logic,Fuzzy logic,"""fuzzy logic""",1967,0,755142,0
fuzzy-logic,Fuzzy logic,"""fuzzy logic""",1968,0,808598,0
fuzzy-logic,Fuzzy logic,"""fuzzy logic""",1969,3,861849,0.3481
fuzzy-logic,Fuzzy logic,"""fuzzy logic""",1970,20,1010448,1.9793
fuzzy-logic,Fuzzy logic,"""fuzzy logic""",1971,1,933800,0.1071
fuzzy-logic,Fuzzy logic,"""fuzzy logic""",1972,1,975399,0.1025
fuzzy-logic,Fuzzy logic,"""fuzzy logic""",1973,1,994696,0.1005
fuzzy-logic,Fuzzy logic,"""fuzzy logic""",1974,5,1035402,0.4829
fuzzy-logic,Fuzzy logic,"""fuzzy logic""",1975,6,1078301,0.5564
fuzzy-logic,Fuzzy logic,"""fuzzy logic""",1976,2,1101044,0.1816
fuzzy-logic,Fuzzy logic,"""fuzzy logic""",1977,6,1148931,0.5222
fuzzy-logic,Fuzzy logic,"""fuzzy logic""",1978,5,1200250,0.4166
fuzzy-logic,Fuzzy logic,"""fuzzy logic""",1979,12,1246297,0.9629
fuzzy-logic,Fuzzy logic,"""fuzzy logic""",1980,10,1367320,0.7314
fuzzy-logic,Fuzzy logic,"""fuzzy logic""",1981,5,1357201,0.3684
fuzzy-logic,Fuzzy logic,"""fuzzy logic""",1982,2,1390231,0.1439
fuzzy-logic,Fuzzy logic,"""fuzzy logic""",1983,9,1446210,0.6223
fuzzy-logic,Fuzzy logic,"""fuzzy logic""",1984,17,1515009,1.1221
fuzzy-logic,Fuzzy logic,"""fuzzy logic""",1985,22,1564860,1.4059
fuzzy-logic,Fuzzy logic,"""fuzzy logic""",1986,25,1643998,1.5207
fuzzy-logic,Fuzzy logic,"""fuzzy logic""",1987,26,1731592,1.5015
fuzzy-logic,Fuzzy logic,"""fuzzy logic""",1988,41,1812208,2.2624
fuzzy-logic,Fuzzy logic,"""fuzzy logic""",1989,58,1930828,3.0039
fuzzy-logic,Fuzzy logic,"""fuzzy logic""",1990,70,2092175,3.3458
fuzzy-logic,Fuzzy logic,"""fuzzy logic""",1991,149,2088432,7.1345
fuzzy-logic,Fuzzy logic,"""fuzzy logic""",1992,201,2187437,9.1888
fuzzy-logic,Fuzzy logic,"""fuzzy logic""",1993,370,2281828,16.2151
fuzzy-logic,Fuzzy logic,"""fuzzy logic""",1994,503,2408187,20.8871
fuzzy-logic,Fuzzy logic,"""fuzzy logic""",1995,463,2559331,18.0907
fuzzy-logic,Fuzzy logic,"""fuzzy logic""",1996,517,2772211,18.6494
fuzzy-logic,Fuzzy logic,"""fuzzy logic""",1997,544,2863925,18.9949
fuzzy-logic,Fuzzy logic,"""fuzzy logic""",1998,523,3049279,17.1516
fuzzy-logic,Fuzzy logic,"""fuzzy logic""",1999,556,3164532,17.5697
fuzzy-logic,Fuzzy logic,"""fuzzy logic""",2000,513,3819839,13.4299
fuzzy-logic,Fuzzy logic,"""fuzzy logic""",2001,511,3823161,13.3659
fuzzy-logic,Fuzzy logic,"""fuzzy logic""",2002,1743,4435510,39.2965
fuzzy-logic,Fuzzy logic,"""fuzzy logic""",2003,925,4719053,19.6014
fuzzy-logic,Fuzzy logic,"""fuzzy logic""",2004,872,5122354,17.0234
fuzzy-logic,Fuzzy logic,"""fuzzy logic""",2005,1020,5473330,18.6358
fuzzy-logic,Fuzzy logic,"""fuzzy logic""",2006,1025,5962176,17.1917
fuzzy-logic,Fuzzy logic,"""fuzzy logic""",2007,1112,6498279,17.1122
fuzzy-logic,Fuzzy logic,"""fuzzy logic""",2008,1210,6992649,17.3039
fuzzy-logic,Fuzzy logic,"""fuzzy logic""",2009,1288,7564516,17.0269
fuzzy-logic,Fuzzy logic,"""fuzzy logic""",2010,1469,8106478,18.1213
fuzzy-logic,Fuzzy logic,"""fuzzy logic""",2011,1599,8722894,18.3311
fuzzy-logic,Fuzzy logic,"""fuzzy logic""",2012,1752,8993417,19.4809
fuzzy-logic,Fuzzy logic,"""fuzzy logic""",2013,1952,9445386,20.6662
fuzzy-logic,Fuzzy logic,"""fuzzy logic""",2014,2061,9998226,20.6137
fuzzy-logic,Fuzzy logic,"""fuzzy logic""",2015,2063,10215433,20.1949
fuzzy-logic,Fuzzy logic,"""fuzzy logic""",2016,2138,10628204,20.1163
fuzzy-logic,Fuzzy logic,"""fuzzy logic""",2017,2262,10486826,21.5699
fuzzy-logic,Fuzzy logic,"""fuzzy logic""",2018,2291,10440560,21.9433
fuzzy-logic,Fuzzy logic,"""fuzzy logic""",2019,2401,10809025,22.2129
fuzzy-logic,Fuzzy logic,"""fuzzy logic""",2020,2316,11502225,20.1352
fuzzy-logic,Fuzzy logic,"""fuzzy logic""",2021,2428,10787054,22.5085
fuzzy-logic,Fuzzy logic,"""fuzzy logic""",2022,2053,10282098,19.9667
fuzzy-logic,Fuzzy logic,"""fuzzy logic""",2023,2219,10918455,20.3234
fuzzy-logic,Fuzzy logic,"""fuzzy logic""",2024,2558,10868091,23.5368
fuzzy-logic,Fuzzy logic,"""fuzzy logic""",2025,3097,14673699,21.1058
genetic-programming,Genetic programming,"""genetic programming""",1950,0,312851,0
genetic-programming,Genetic programming,"""genetic programming""",1951,0,319173,0
genetic-programming,Genetic programming,"""genetic programming""",1952,0,330035,0
genetic-programming,Genetic programming,"""genetic programming""",1953,0,346304,0
genetic-programming,Genetic programming,"""genetic programming""",1954,0,355124,0
genetic-programming,Genetic programming,"""genetic programming""",1955,0,365453,0
genetic-programming,Genetic programming,"""genetic programming""",1956,0,374480,0
genetic-programming,Genetic programming,"""genetic programming""",1957,0,393989,0
genetic-programming,Genetic programming,"""genetic programming""",1958,0,418068,0
genetic-programming,Genetic programming,"""genetic programming""",1959,0,442727,0
genetic-programming,Genetic programming,"""genetic programming""",1960,0,500061,0
genetic-programming,Genetic programming,"""genetic programming""",1961,0,489185,0
genetic-programming,Genetic programming,"""genetic programming""",1962,0,516715,0
genetic-programming,Genetic programming,"""genetic programming""",1963,0,568963,0
genetic-programming,Genetic programming,"""genetic programming""",1964,0,600620,0
genetic-programming,Genetic programming,"""genetic programming""",1965,0,648891,0
genetic-programming,Genetic programming,"""genetic programming""",1966,0,703066,0
genetic-programming,Genetic programming,"""genetic programming""",1967,0,755142,0
genetic-programming,Genetic programming,"""genetic programming""",1968,0,808598,0
genetic-programming,Genetic programming,"""genetic programming""",1969,0,861849,0
genetic-programming,Genetic programming,"""genetic programming""",1970,0,1010448,0
genetic-programming,Genetic programming,"""genetic programming""",1971,0,933800,0
genetic-programming,Genetic programming,"""genetic programming""",1972,0,975399,0
genetic-programming,Genetic programming,"""genetic programming""",1973,1,994696,0.1005
genetic-programming,Genetic programming,"""genetic programming""",1974,0,1035402,0
genetic-programming,Genetic programming,"""genetic programming""",1975,1,1078301,0.0927
genetic-programming,Genetic programming,"""genetic programming""",1976,0,1101044,0
genetic-programming,Genetic programming,"""genetic programming""",1977,0,1148931,0
genetic-programming,Genetic programming,"""genetic programming""",1978,2,1200250,0.1666
genetic-programming,Genetic programming,"""genetic programming""",1979,0,1246297,0
genetic-programming,Genetic programming,"""genetic programming""",1980,0,1367320,0
genetic-programming,Genetic programming,"""genetic programming""",1981,1,1357201,0.0737
genetic-programming,Genetic programming,"""genetic programming""",1982,0,1390231,0
genetic-programming,Genetic programming,"""genetic programming""",1983,0,1446210,0
genetic-programming,Genetic programming,"""genetic programming""",1984,1,1515009,0.066
genetic-programming,Genetic programming,"""genetic programming""",1985,0,1564860,0
genetic-programming,Genetic programming,"""genetic programming""",1986,1,1643998,0.0608
genetic-programming,Genetic programming,"""genetic programming""",1987,1,1731592,0.0578
genetic-programming,Genetic programming,"""genetic programming""",1988,1,1812208,0.0552
genetic-programming,Genetic programming,"""genetic programming""",1989,0,1930828,0
genetic-programming,Genetic programming,"""genetic programming""",1990,4,2092175,0.1912
genetic-programming,Genetic programming,"""genetic programming""",1991,5,2088432,0.2394
genetic-programming,Genetic programming,"""genetic programming""",1992,10,2187437,0.4572
genetic-programming,Genetic programming,"""genetic programming""",1993,16,2281828,0.7012
genetic-programming,Genetic programming,"""genetic programming""",1994,32,2408187,1.3288
genetic-programming,Genetic programming,"""genetic programming""",1995,60,2559331,2.3444
genetic-programming,Genetic programming,"""genetic programming""",1996,176,2772211,6.3487
genetic-programming,Genetic programming,"""genetic programming""",1997,97,2863925,3.387
genetic-programming,Genetic programming,"""genetic programming""",1998,132,3049279,4.3289
genetic-programming,Genetic programming,"""genetic programming""",1999,174,3164532,5.4984
genetic-programming,Genetic programming,"""genetic programming""",2000,177,3819839,4.6337
genetic-programming,Genetic programming,"""genetic programming""",2001,225,3823161,5.8852
genetic-programming,Genetic programming,"""genetic programming""",2002,330,4435510,7.44
genetic-programming,Genetic programming,"""genetic programming""",2003,286,4719053,6.0605
genetic-programming,Genetic programming,"""genetic programming""",2004,304,5122354,5.9348
genetic-programming,Genetic programming,"""genetic programming""",2005,304,5473330,5.5542
genetic-programming,Genetic programming,"""genetic programming""",2006,399,5962176,6.6922
genetic-programming,Genetic programming,"""genetic programming""",2007,380,6498279,5.8477
genetic-programming,Genetic programming,"""genetic programming""",2008,374,6992649,5.3485
genetic-programming,Genetic programming,"""genetic programming""",2009,388,7564516,5.1292
genetic-programming,Genetic programming,"""genetic programming""",2010,407,8106478,5.0207
genetic-programming,Genetic programming,"""genetic programming""",2011,368,8722894,4.2188
genetic-programming,Genetic programming,"""genetic programming""",2012,403,8993417,4.4811
genetic-programming,Genetic programming,"""genetic programming""",2013,441,9445386,4.6689
genetic-programming,Genetic programming,"""genetic programming""",2014,398,9998226,3.9807
genetic-programming,Genetic programming,"""genetic programming""",2015,408,10215433,3.994
genetic-programming,Genetic programming,"""genetic programming""",2016,369,10628204,3.4719
genetic-programming,Genetic programming,"""genetic programming""",2017,396,10486826,3.7762
genetic-programming,Genetic programming,"""genetic programming""",2018,413,10440560,3.9557
genetic-programming,Genetic programming,"""genetic programming""",2019,380,10809025,3.5156
genetic-programming,Genetic programming,"""genetic programming""",2020,504,11502225,4.3818
genetic-programming,Genetic programming,"""genetic programming""",2021,410,10787054,3.8009
genetic-programming,Genetic programming,"""genetic programming""",2022,368,10282098,3.579
genetic-programming,Genetic programming,"""genetic programming""",2023,364,10918455,3.3338
genetic-programming,Genetic programming,"""genetic programming""",2024,375,10868091,3.4505
genetic-programming,Genetic programming,"""genetic programming""",2025,390,14673699,2.6578
artificial-life,Artificial life,"""artificial life""",1950,0,312851,0
artificial-life,Artificial life,"""artificial life""",1951,0,319173,0
artificial-life,Artificial life,"""artificial life""",1952,0,330035,0
artificial-life,Artificial life,"""artificial life""",1953,0,346304,0
artificial-life,Artificial life,"""artificial life""",1954,0,355124,0
artificial-life,Artificial life,"""artificial life""",1955,0,365453,0
artificial-life,Artificial life,"""artificial life""",1956,0,374480,0
artificial-life,Artificial life,"""artificial life""",1957,0,393989,0
artificial-life,Artificial life,"""artificial life""",1958,0,418068,0
artificial-life,Artificial life,"""artificial life""",1959,0,442727,0
artificial-life,Artificial life,"""artificial life""",1960,0,500061,0
artificial-life,Artificial life,"""artificial life""",1961,0,489185,0
artificial-life,Artificial life,"""artificial life""",1962,0,516715,0
artificial-life,Artificial life,"""artificial life""",1963,0,568963,0
artificial-life,Artificial life,"""artificial life""",1964,0,600620,0
artificial-life,Artificial life,"""artificial life""",1965,0,648891,0
artificial-life,Artificial life,"""artificial life""",1966,0,703066,0
artificial-life,Artificial life,"""artificial life""",1967,0,755142,0
artificial-life,Artificial life,"""artificial life""",1968,0,808598,0
artificial-life,Artificial life,"""artificial life""",1969,0,861849,0
artificial-life,Artificial life,"""artificial life""",1970,0,1010448,0
artificial-life,Artificial life,"""artificial life""",1971,0,933800,0
artificial-life,Artificial life,"""artificial life""",1972,0,975399,0
artificial-life,Artificial life,"""artificial life""",1973,0,994696,0
artificial-life,Artificial life,"""artificial life""",1974,1,1035402,0.0966
artificial-life,Artificial life,"""artificial life""",1975,0,1078301,0
artificial-life,Artificial life,"""artificial life""",1976,1,1101044,0.0908
artificial-life,Artificial life,"""artificial life""",1977,1,1148931,0.087
artificial-life,Artificial life,"""artificial life""",1978,1,1200250,0.0833
artificial-life,Artificial life,"""artificial life""",1979,0,1246297,0
artificial-life,Artificial life,"""artificial life""",1980,0,1367320,0
artificial-life,Artificial life,"""artificial life""",1981,0,1357201,0
artificial-life,Artificial life,"""artificial life""",1982,0,1390231,0
artificial-life,Artificial life,"""artificial life""",1983,0,1446210,0
artificial-life,Artificial life,"""artificial life""",1984,0,1515009,0
artificial-life,Artificial life,"""artificial life""",1985,0,1564860,0
artificial-life,Artificial life,"""artificial life""",1986,1,1643998,0.0608
artificial-life,Artificial life,"""artificial life""",1987,4,1731592,0.231
artificial-life,Artificial life,"""artificial life""",1988,2,1812208,0.1104
artificial-life,Artificial life,"""artificial life""",1989,3,1930828,0.1554
artificial-life,Artificial life,"""artificial life""",1990,8,2092175,0.3824
artificial-life,Artificial life,"""artificial life""",1991,18,2088432,0.8619
artificial-life,Artificial life,"""artificial life""",1992,16,2187437,0.7314
artificial-life,Artificial life,"""artificial life""",1993,39,2281828,1.7092
artificial-life,Artificial life,"""artificial life""",1994,62,2408187,2.5746
artificial-life,Artificial life,"""artificial life""",1995,60,2559331,2.3444
artificial-life,Artificial life,"""artificial life""",1996,42,2772211,1.515
artificial-life,Artificial life,"""artificial life""",1997,43,2863925,1.5014
artificial-life,Artificial life,"""artificial life""",1998,60,3049279,1.9677
artificial-life,Artificial life,"""artificial life""",1999,42,3164532,1.3272
artificial-life,Artificial life,"""artificial life""",2000,54,3819839,1.4137
artificial-life,Artificial life,"""artificial life""",2001,63,3823161,1.6479
artificial-life,Artificial life,"""artificial life""",2002,57,4435510,1.2851
artificial-life,Artificial life,"""artificial life""",2003,64,4719053,1.3562
artificial-life,Artificial life,"""artificial life""",2004,86,5122354,1.6789
artificial-life,Artificial life,"""artificial life""",2005,76,5473330,1.3886
artificial-life,Artificial life,"""artificial life""",2006,61,5962176,1.0231
artificial-life,Artificial life,"""artificial life""",2007,66,6498279,1.0157
artificial-life,Artificial life,"""artificial life""",2008,70,6992649,1.0011
artificial-life,Artificial life,"""artificial life""",2009,80,7564516,1.0576
artificial-life,Artificial life,"""artificial life""",2010,63,8106478,0.7772
artificial-life,Artificial life,"""artificial life""",2011,55,8722894,0.6305
artificial-life,Artificial life,"""artificial life""",2012,57,8993417,0.6338
artificial-life,Artificial life,"""artificial life""",2013,46,9445386,0.487
artificial-life,Artificial life,"""artificial life""",2014,61,9998226,0.6101
artificial-life,Artificial life,"""artificial life""",2015,41,10215433,0.4014
artificial-life,Artificial life,"""artificial life""",2016,42,10628204,0.3952
artificial-life,Artificial life,"""artificial life""",2017,30,10486826,0.2861
artificial-life,Artificial life,"""artificial life""",2018,45,10440560,0.431
artificial-life,Artificial life,"""artificial life""",2019,47,10809025,0.4348
artificial-life,Artificial life,"""artificial life""",2020,46,11502225,0.3999
artificial-life,Artificial life,"""artificial life""",2021,47,10787054,0.4357
artificial-life,Artificial life,"""artificial life""",2022,37,10282098,0.3598
artificial-life,Artificial life,"""artificial life""",2023,43,10918455,0.3938
artificial-life,Artificial life,"""artificial life""",2024,63,10868091,0.5797
artificial-life,Artificial life,"""artificial life""",2025,55,14673699,0.3748
self-organizing-maps,Self-organizing maps,"""self-organizing map*""|""self organizing map*""",1950,0,312851,0
self-organizing-maps,Self-organizing maps,"""self-organizing map*""|""self organizing map*""",1951,0,319173,0
self-organizing-maps,Self-organizing maps,"""self-organizing map*""|""self organizing map*""",1952,0,330035,0
self-organizing-maps,Self-organizing maps,"""self-organizing map*""|""self organizing map*""",1953,0,346304,0
self-organizing-maps,Self-organizing maps,"""self-organizing map*""|""self organizing map*""",1954,0,355124,0
self-organizing-maps,Self-organizing maps,"""self-organizing map*""|""self organizing map*""",1955,0,365453,0
self-organizing-maps,Self-organizing maps,"""self-organizing map*""|""self organizing map*""",1956,0,374480,0
self-organizing-maps,Self-organizing maps,"""self-organizing map*""|""self organizing map*""",1957,0,393989,0
self-organizing-maps,Self-organizing maps,"""self-organizing map*""|""self organizing map*""",1958,0,418068,0
self-organizing-maps,Self-organizing maps,"""self-organizing map*""|""self organizing map*""",1959,0,442727,0
self-organizing-maps,Self-organizing maps,"""self-organizing map*""|""self organizing map*""",1960,0,500061,0
self-organizing-maps,Self-organizing maps,"""self-organizing map*""|""self organizing map*""",1961,0,489185,0
self-organizing-maps,Self-organizing maps,"""self-organizing map*""|""self organizing map*""",1962,0,516715,0
self-organizing-maps,Self-organizing maps,"""self-organizing map*""|""self organizing map*""",1963,0,568963,0
self-organizing-maps,Self-organizing maps,"""self-organizing map*""|""self organizing map*""",1964,0,600620,0
self-organizing-maps,Self-organizing maps,"""self-organizing map*""|""self organizing map*""",1965,0,648891,0
self-organizing-maps,Self-organizing maps,"""self-organizing map*""|""self organizing map*""",1966,0,703066,0
self-organizing-maps,Self-organizing maps,"""self-organizing map*""|""self organizing map*""",1967,0,755142,0
self-organizing-maps,Self-organizing maps,"""self-organizing map*""|""self organizing map*""",1968,0,808598,0
self-organizing-maps,Self-organizing maps,"""self-organizing map*""|""self organizing map*""",1969,0,861849,0
self-organizing-maps,Self-organizing maps,"""self-organizing map*""|""self organizing map*""",1970,2,1010448,0.1979
self-organizing-maps,Self-organizing maps,"""self-organizing map*""|""self organizing map*""",1971,0,933800,0
self-organizing-maps,Self-organizing maps,"""self-organizing map*""|""self organizing map*""",1972,0,975399,0
self-organizing-maps,Self-organizing maps,"""self-organizing map*""|""self organizing map*""",1973,0,994696,0
self-organizing-maps,Self-organizing maps,"""self-organizing map*""|""self organizing map*""",1974,0,1035402,0
self-organizing-maps,Self-organizing maps,"""self-organizing map*""|""self organizing map*""",1975,0,1078301,0
self-organizing-maps,Self-organizing maps,"""self-organizing map*""|""self organizing map*""",1976,0,1101044,0
self-organizing-maps,Self-organizing maps,"""self-organizing map*""|""self organizing map*""",1977,0,1148931,0
self-organizing-maps,Self-organizing maps,"""self-organizing map*""|""self organizing map*""",1978,0,1200250,0
self-organizing-maps,Self-organizing maps,"""self-organizing map*""|""self organizing map*""",1979,0,1246297,0
self-organizing-maps,Self-organizing maps,"""self-organizing map*""|""self organizing map*""",1980,0,1367320,0
self-organizing-maps,Self-organizing maps,"""self-organizing map*""|""self organizing map*""",1981,0,1357201,0
self-organizing-maps,Self-organizing maps,"""self-organizing map*""|""self organizing map*""",1982,0,1390231,0
self-organizing-maps,Self-organizing maps,"""self-organizing map*""|""self organizing map*""",1983,0,1446210,0
self-organizing-maps,Self-organizing maps,"""self-organizing map*""|""self organizing map*""",1984,0,1515009,0
self-organizing-maps,Self-organizing maps,"""self-organizing map*""|""self organizing map*""",1985,0,1564860,0
self-organizing-maps,Self-organizing maps,"""self-organizing map*""|""self organizing map*""",1986,0,1643998,0
self-organizing-maps,Self-organizing maps,"""self-organizing map*""|""self organizing map*""",1987,0,1731592,0
self-organizing-maps,Self-organizing maps,"""self-organizing map*""|""self organizing map*""",1988,3,1812208,0.1655
self-organizing-maps,Self-organizing maps,"""self-organizing map*""|""self organizing map*""",1989,5,1930828,0.259
self-organizing-maps,Self-organizing maps,"""self-organizing map*""|""self organizing map*""",1990,14,2092175,0.6692
self-organizing-maps,Self-organizing maps,"""self-organizing map*""|""self organizing map*""",1991,17,2088432,0.814
self-organizing-maps,Self-organizing maps,"""self-organizing map*""|""self organizing map*""",1992,16,2187437,0.7314
self-organizing-maps,Self-organizing maps,"""self-organizing map*""|""self organizing map*""",1993,26,2281828,1.1394
self-organizing-maps,Self-organizing maps,"""self-organizing map*""|""self organizing map*""",1994,51,2408187,2.1178
self-organizing-maps,Self-organizing maps,"""self-organizing map*""|""self organizing map*""",1995,44,2559331,1.7192
self-organizing-maps,Self-organizing maps,"""self-organizing map*""|""self organizing map*""",1996,61,2772211,2.2004
self-organizing-maps,Self-organizing maps,"""self-organizing map*""|""self organizing map*""",1997,77,2863925,2.6886
self-organizing-maps,Self-organizing maps,"""self-organizing map*""|""self organizing map*""",1998,76,3049279,2.4924
self-organizing-maps,Self-organizing maps,"""self-organizing map*""|""self organizing map*""",1999,97,3164532,3.0652
self-organizing-maps,Self-organizing maps,"""self-organizing map*""|""self organizing map*""",2000,96,3819839,2.5132
self-organizing-maps,Self-organizing maps,"""self-organizing map*""|""self organizing map*""",2001,134,3823161,3.505
self-organizing-maps,Self-organizing maps,"""self-organizing map*""|""self organizing map*""",2002,300,4435510,6.7636
self-organizing-maps,Self-organizing maps,"""self-organizing map*""|""self organizing map*""",2003,244,4719053,5.1705
self-organizing-maps,Self-organizing maps,"""self-organizing map*""|""self organizing map*""",2004,235,5122354,4.5877
self-organizing-maps,Self-organizing maps,"""self-organizing map*""|""self organizing map*""",2005,321,5473330,5.8648
self-organizing-maps,Self-organizing maps,"""self-organizing map*""|""self organizing map*""",2006,356,5962176,5.971
self-organizing-maps,Self-organizing maps,"""self-organizing map*""|""self organizing map*""",2007,330,6498279,5.0783
self-organizing-maps,Self-organizing maps,"""self-organizing map*""|""self organizing map*""",2008,361,6992649,5.1626
self-organizing-maps,Self-organizing maps,"""self-organizing map*""|""self organizing map*""",2009,394,7564516,5.2085
self-organizing-maps,Self-organizing maps,"""self-organizing map*""|""self organizing map*""",2010,404,8106478,4.9837
self-organizing-maps,Self-organizing maps,"""self-organizing map*""|""self organizing map*""",2011,426,8722894,4.8837
self-organizing-maps,Self-organizing maps,"""self-organizing map*""|""self organizing map*""",2012,403,8993417,4.4811
self-organizing-maps,Self-organizing maps,"""self-organizing map*""|""self organizing map*""",2013,348,9445386,3.6843
self-organizing-maps,Self-organizing maps,"""self-organizing map*""|""self organizing map*""",2014,388,9998226,3.8807
self-organizing-maps,Self-organizing maps,"""self-organizing map*""|""self organizing map*""",2015,358,10215433,3.5045
self-organizing-maps,Self-organizing maps,"""self-organizing map*""|""self organizing map*""",2016,350,10628204,3.2931
self-organizing-maps,Self-organizing maps,"""self-organizing map*""|""self organizing map*""",2017,382,10486826,3.6427
self-organizing-maps,Self-organizing maps,"""self-organizing map*""|""self organizing map*""",2018,408,10440560,3.9078
self-organizing-maps,Self-organizing maps,"""self-organizing map*""|""self organizing map*""",2019,370,10809025,3.4231
self-organizing-maps,Self-organizing maps,"""self-organizing map*""|""self organizing map*""",2020,333,11502225,2.8951
self-organizing-maps,Self-organizing maps,"""self-organizing map*""|""self organizing map*""",2021,297,10787054,2.7533
self-organizing-maps,Self-organizing maps,"""self-organizing map*""|""self organizing map*""",2022,293,10282098,2.8496
self-organizing-maps,Self-organizing maps,"""self-organizing map*""|""self organizing map*""",2023,269,10918455,2.4637
self-organizing-maps,Self-organizing maps,"""self-organizing map*""|""self organizing map*""",2024,245,10868091,2.2543
self-organizing-maps,Self-organizing maps,"""self-organizing map*""|""self organizing map*""",2025,299,14673699,2.0377
hopfield-networks,Hopfield networks,"""hopfield network*""",1950,0,312851,0
hopfield-networks,Hopfield networks,"""hopfield network*""",1951,0,319173,0
hopfield-networks,Hopfield networks,"""hopfield network*""",1952,0,330035,0
hopfield-networks,Hopfield networks,"""hopfield network*""",1953,0,346304,0
hopfield-networks,Hopfield networks,"""hopfield network*""",1954,0,355124,0
hopfield-networks,Hopfield networks,"""hopfield network*""",1955,0,365453,0
hopfield-networks,Hopfield networks,"""hopfield network*""",1956,0,374480,0
hopfield-networks,Hopfield networks,"""hopfield network*""",1957,0,393989,0
hopfield-networks,Hopfield networks,"""hopfield network*""",1958,0,418068,0
hopfield-networks,Hopfield networks,"""hopfield network*""",1959,0,442727,0
hopfield-networks,Hopfield networks,"""hopfield network*""",1960,0,500061,0
hopfield-networks,Hopfield networks,"""hopfield network*""",1961,0,489185,0
hopfield-networks,Hopfield networks,"""hopfield network*""",1962,0,516715,0
hopfield-networks,Hopfield networks,"""hopfield network*""",1963,0,568963,0
hopfield-networks,Hopfield networks,"""hopfield network*""",1964,0,600620,0
hopfield-networks,Hopfield networks,"""hopfield network*""",1965,0,648891,0
hopfield-networks,Hopfield networks,"""hopfield network*""",1966,0,703066,0
hopfield-networks,Hopfield networks,"""hopfield network*""",1967,0,755142,0
hopfield-networks,Hopfield networks,"""hopfield network*""",1968,0,808598,0
hopfield-networks,Hopfield networks,"""hopfield network*""",1969,0,861849,0
hopfield-networks,Hopfield networks,"""hopfield network*""",1970,1,1010448,0.099
hopfield-networks,Hopfield networks,"""hopfield network*""",1971,0,933800,0
hopfield-networks,Hopfield networks,"""hopfield network*""",1972,0,975399,0
hopfield-networks,Hopfield networks,"""hopfield network*""",1973,0,994696,0
hopfield-networks,Hopfield networks,"""hopfield network*""",1974,0,1035402,0
hopfield-networks,Hopfield networks,"""hopfield network*""",1975,0,1078301,0
hopfield-networks,Hopfield networks,"""hopfield network*""",1976,0,1101044,0
hopfield-networks,Hopfield networks,"""hopfield network*""",1977,0,1148931,0
hopfield-networks,Hopfield networks,"""hopfield network*""",1978,0,1200250,0
hopfield-networks,Hopfield networks,"""hopfield network*""",1979,0,1246297,0
hopfield-networks,Hopfield networks,"""hopfield network*""",1980,0,1367320,0
hopfield-networks,Hopfield networks,"""hopfield network*""",1981,0,1357201,0
hopfield-networks,Hopfield networks,"""hopfield network*""",1982,0,1390231,0
hopfield-networks,Hopfield networks,"""hopfield network*""",1983,0,1446210,0
hopfield-networks,Hopfield networks,"""hopfield network*""",1984,0,1515009,0
hopfield-networks,Hopfield networks,"""hopfield network*""",1985,1,1564860,0.0639
hopfield-networks,Hopfield networks,"""hopfield network*""",1986,1,1643998,0.0608
hopfield-networks,Hopfield networks,"""hopfield network*""",1987,0,1731592,0
hopfield-networks,Hopfield networks,"""hopfield network*""",1988,10,1812208,0.5518
hopfield-networks,Hopfield networks,"""hopfield network*""",1989,11,1930828,0.5697
hopfield-networks,Hopfield networks,"""hopfield network*""",1990,17,2092175,0.8126
hopfield-networks,Hopfield networks,"""hopfield network*""",1991,14,2088432,0.6704
hopfield-networks,Hopfield networks,"""hopfield network*""",1992,16,2187437,0.7314
hopfield-networks,Hopfield networks,"""hopfield network*""",1993,18,2281828,0.7888
hopfield-networks,Hopfield networks,"""hopfield network*""",1994,19,2408187,0.789
hopfield-networks,Hopfield networks,"""hopfield network*""",1995,23,2559331,0.8987
hopfield-networks,Hopfield networks,"""hopfield network*""",1996,27,2772211,0.974
hopfield-networks,Hopfield networks,"""hopfield network*""",1997,25,2863925,0.8729
hopfield-networks,Hopfield networks,"""hopfield network*""",1998,21,3049279,0.6887
hopfield-networks,Hopfield networks,"""hopfield network*""",1999,31,3164532,0.9796
hopfield-networks,Hopfield networks,"""hopfield network*""",2000,25,3819839,0.6545
hopfield-networks,Hopfield networks,"""hopfield network*""",2001,25,3823161,0.6539
hopfield-networks,Hopfield networks,"""hopfield network*""",2002,82,4435510,1.8487
hopfield-networks,Hopfield networks,"""hopfield network*""",2003,38,4719053,0.8052
hopfield-networks,Hopfield networks,"""hopfield network*""",2004,41,5122354,0.8004
hopfield-networks,Hopfield networks,"""hopfield network*""",2005,38,5473330,0.6943
hopfield-networks,Hopfield networks,"""hopfield network*""",2006,31,5962176,0.5199
hopfield-networks,Hopfield networks,"""hopfield network*""",2007,41,6498279,0.6309
hopfield-networks,Hopfield networks,"""hopfield network*""",2008,33,6992649,0.4719
hopfield-networks,Hopfield networks,"""hopfield network*""",2009,28,7564516,0.3701
hopfield-networks,Hopfield networks,"""hopfield network*""",2010,36,8106478,0.4441
hopfield-networks,Hopfield networks,"""hopfield network*""",2011,31,8722894,0.3554
hopfield-networks,Hopfield networks,"""hopfield network*""",2012,30,8993417,0.3336
hopfield-networks,Hopfield networks,"""hopfield network*""",2013,33,9445386,0.3494
hopfield-networks,Hopfield networks,"""hopfield network*""",2014,20,9998226,0.2
hopfield-networks,Hopfield networks,"""hopfield network*""",2015,27,10215433,0.2643
hopfield-networks,Hopfield networks,"""hopfield network*""",2016,18,10628204,0.1694
hopfield-networks,Hopfield networks,"""hopfield network*""",2017,23,10486826,0.2193
hopfield-networks,Hopfield networks,"""hopfield network*""",2018,14,10440560,0.1341
hopfield-networks,Hopfield networks,"""hopfield network*""",2019,15,10809025,0.1388
hopfield-networks,Hopfield networks,"""hopfield network*""",2020,24,11502225,0.2087
hopfield-networks,Hopfield networks,"""hopfield network*""",2021,36,10787054,0.3337
hopfield-networks,Hopfield networks,"""hopfield network*""",2022,34,10282098,0.3307
hopfield-networks,Hopfield networks,"""hopfield network*""",2023,44,10918455,0.403
hopfield-networks,Hopfield networks,"""hopfield network*""",2024,49,10868091,0.4509
hopfield-networks,Hopfield networks,"""hopfield network*""",2025,71,14673699,0.4839
boltzmann-machines,Boltzmann machines,"""boltzmann machine*""",1950,0,312851,0
boltzmann-machines,Boltzmann machines,"""boltzmann machine*""",1951,0,319173,0
boltzmann-machines,Boltzmann machines,"""boltzmann machine*""",1952,0,330035,0
boltzmann-machines,Boltzmann machines,"""boltzmann machine*""",1953,0,346304,0
boltzmann-machines,Boltzmann machines,"""boltzmann machine*""",1954,0,355124,0
boltzmann-machines,Boltzmann machines,"""boltzmann machine*""",1955,0,365453,0
boltzmann-machines,Boltzmann machines,"""boltzmann machine*""",1956,0,374480,0
boltzmann-machines,Boltzmann machines,"""boltzmann machine*""",1957,0,393989,0
boltzmann-machines,Boltzmann machines,"""boltzmann machine*""",1958,0,418068,0
boltzmann-machines,Boltzmann machines,"""boltzmann machine*""",1959,0,442727,0
boltzmann-machines,Boltzmann machines,"""boltzmann machine*""",1960,0,500061,0
boltzmann-machines,Boltzmann machines,"""boltzmann machine*""",1961,0,489185,0
boltzmann-machines,Boltzmann machines,"""boltzmann machine*""",1962,0,516715,0
boltzmann-machines,Boltzmann machines,"""boltzmann machine*""",1963,0,568963,0
boltzmann-machines,Boltzmann machines,"""boltzmann machine*""",1964,0,600620,0
boltzmann-machines,Boltzmann machines,"""boltzmann machine*""",1965,0,648891,0
boltzmann-machines,Boltzmann machines,"""boltzmann machine*""",1966,0,703066,0
boltzmann-machines,Boltzmann machines,"""boltzmann machine*""",1967,0,755142,0
boltzmann-machines,Boltzmann machines,"""boltzmann machine*""",1968,0,808598,0
boltzmann-machines,Boltzmann machines,"""boltzmann machine*""",1969,0,861849,0
boltzmann-machines,Boltzmann machines,"""boltzmann machine*""",1970,0,1010448,0
boltzmann-machines,Boltzmann machines,"""boltzmann machine*""",1971,0,933800,0
boltzmann-machines,Boltzmann machines,"""boltzmann machine*""",1972,0,975399,0
boltzmann-machines,Boltzmann machines,"""boltzmann machine*""",1973,0,994696,0
boltzmann-machines,Boltzmann machines,"""boltzmann machine*""",1974,0,1035402,0
boltzmann-machines,Boltzmann machines,"""boltzmann machine*""",1975,0,1078301,0
boltzmann-machines,Boltzmann machines,"""boltzmann machine*""",1976,0,1101044,0
boltzmann-machines,Boltzmann machines,"""boltzmann machine*""",1977,0,1148931,0
boltzmann-machines,Boltzmann machines,"""boltzmann machine*""",1978,0,1200250,0
boltzmann-machines,Boltzmann machines,"""boltzmann machine*""",1979,0,1246297,0
boltzmann-machines,Boltzmann machines,"""boltzmann machine*""",1980,0,1367320,0
boltzmann-machines,Boltzmann machines,"""boltzmann machine*""",1981,0,1357201,0
boltzmann-machines,Boltzmann machines,"""boltzmann machine*""",1982,0,1390231,0
boltzmann-machines,Boltzmann machines,"""boltzmann machine*""",1983,2,1446210,0.1383
boltzmann-machines,Boltzmann machines,"""boltzmann machine*""",1984,1,1515009,0.066
boltzmann-machines,Boltzmann machines,"""boltzmann machine*""",1985,5,1564860,0.3195
boltzmann-machines,Boltzmann machines,"""boltzmann machine*""",1986,4,1643998,0.2433
boltzmann-machines,Boltzmann machines,"""boltzmann machine*""",1987,12,1731592,0.693
boltzmann-machines,Boltzmann machines,"""boltzmann machine*""",1988,7,1812208,0.3863
boltzmann-machines,Boltzmann machines,"""boltzmann machine*""",1989,19,1930828,0.984
boltzmann-machines,Boltzmann machines,"""boltzmann machine*""",1990,25,2092175,1.1949
boltzmann-machines,Boltzmann machines,"""boltzmann machine*""",1991,30,2088432,1.4365
boltzmann-machines,Boltzmann machines,"""boltzmann machine*""",1992,26,2187437,1.1886
boltzmann-machines,Boltzmann machines,"""boltzmann machine*""",1993,43,2281828,1.8845
boltzmann-machines,Boltzmann machines,"""boltzmann machine*""",1994,26,2408187,1.0797
boltzmann-machines,Boltzmann machines,"""boltzmann machine*""",1995,23,2559331,0.8987
boltzmann-machines,Boltzmann machines,"""boltzmann machine*""",1996,11,2772211,0.3968
boltzmann-machines,Boltzmann machines,"""boltzmann machine*""",1997,16,2863925,0.5587
boltzmann-machines,Boltzmann machines,"""boltzmann machine*""",1998,19,3049279,0.6231
boltzmann-machines,Boltzmann machines,"""boltzmann machine*""",1999,18,3164532,0.5688
boltzmann-machines,Boltzmann machines,"""boltzmann machine*""",2000,7,3819839,0.1833
boltzmann-machines,Boltzmann machines,"""boltzmann machine*""",2001,8,3823161,0.2093
boltzmann-machines,Boltzmann machines,"""boltzmann machine*""",2002,29,4435510,0.6538
boltzmann-machines,Boltzmann machines,"""boltzmann machine*""",2003,16,4719053,0.3391
boltzmann-machines,Boltzmann machines,"""boltzmann machine*""",2004,7,5122354,0.1367
boltzmann-machines,Boltzmann machines,"""boltzmann machine*""",2005,10,5473330,0.1827
boltzmann-machines,Boltzmann machines,"""boltzmann machine*""",2006,16,5962176,0.2684
boltzmann-machines,Boltzmann machines,"""boltzmann machine*""",2007,10,6498279,0.1539
boltzmann-machines,Boltzmann machines,"""boltzmann machine*""",2008,14,6992649,0.2002
boltzmann-machines,Boltzmann machines,"""boltzmann machine*""",2009,20,7564516,0.2644
boltzmann-machines,Boltzmann machines,"""boltzmann machine*""",2010,45,8106478,0.5551
boltzmann-machines,Boltzmann machines,"""boltzmann machine*""",2011,39,8722894,0.4471
boltzmann-machines,Boltzmann machines,"""boltzmann machine*""",2012,77,8993417,0.8562
boltzmann-machines,Boltzmann machines,"""boltzmann machine*""",2013,89,9445386,0.9423
boltzmann-machines,Boltzmann machines,"""boltzmann machine*""",2014,145,9998226,1.4503
boltzmann-machines,Boltzmann machines,"""boltzmann machine*""",2015,151,10215433,1.4782
boltzmann-machines,Boltzmann machines,"""boltzmann machine*""",2016,178,10628204,1.6748
boltzmann-machines,Boltzmann machines,"""boltzmann machine*""",2017,188,10486826,1.7927
boltzmann-machines,Boltzmann machines,"""boltzmann machine*""",2018,196,10440560,1.8773
boltzmann-machines,Boltzmann machines,"""boltzmann machine*""",2019,171,10809025,1.582
boltzmann-machines,Boltzmann machines,"""boltzmann machine*""",2020,149,11502225,1.2954
boltzmann-machines,Boltzmann machines,"""boltzmann machine*""",2021,124,10787054,1.1495
boltzmann-machines,Boltzmann machines,"""boltzmann machine*""",2022,117,10282098,1.1379
boltzmann-machines,Boltzmann machines,"""boltzmann machine*""",2023,121,10918455,1.1082
boltzmann-machines,Boltzmann machines,"""boltzmann machine*""",2024,129,10868091,1.187
boltzmann-machines,Boltzmann machines,"""boltzmann machine*""",2025,118,14673699,0.8042
reservoir-computing,Reservoir computing,"""reservoir computing""",1950,0,312851,0
reservoir-computing,Reservoir computing,"""reservoir computing""",1951,0,319173,0
reservoir-computing,Reservoir computing,"""reservoir computing""",1952,0,330035,0
reservoir-computing,Reservoir computing,"""reservoir computing""",1953,0,346304,0
reservoir-computing,Reservoir computing,"""reservoir computing""",1954,0,355124,0
reservoir-computing,Reservoir computing,"""reservoir computing""",1955,0,365453,0
reservoir-computing,Reservoir computing,"""reservoir computing""",1956,0,374480,0
reservoir-computing,Reservoir computing,"""reservoir computing""",1957,0,393989,0
reservoir-computing,Reservoir computing,"""reservoir computing""",1958,0,418068,0
reservoir-computing,Reservoir computing,"""reservoir computing""",1959,0,442727,0
reservoir-computing,Reservoir computing,"""reservoir computing""",1960,0,500061,0
reservoir-computing,Reservoir computing,"""reservoir computing""",1961,0,489185,0
reservoir-computing,Reservoir computing,"""reservoir computing""",1962,0,516715,0
reservoir-computing,Reservoir computing,"""reservoir computing""",1963,0,568963,0
reservoir-computing,Reservoir computing,"""reservoir computing""",1964,0,600620,0
reservoir-computing,Reservoir computing,"""reservoir computing""",1965,0,648891,0
reservoir-computing,Reservoir computing,"""reservoir computing""",1966,0,703066,0
reservoir-computing,Reservoir computing,"""reservoir computing""",1967,0,755142,0
reservoir-computing,Reservoir computing,"""reservoir computing""",1968,0,808598,0
reservoir-computing,Reservoir computing,"""reservoir computing""",1969,0,861849,0
reservoir-computing,Reservoir computing,"""reservoir computing""",1970,0,1010448,0
reservoir-computing,Reservoir computing,"""reservoir computing""",1971,0,933800,0
reservoir-computing,Reservoir computing,"""reservoir computing""",1972,0,975399,0
reservoir-computing,Reservoir computing,"""reservoir computing""",1973,0,994696,0
reservoir-computing,Reservoir computing,"""reservoir computing""",1974,0,1035402,0
reservoir-computing,Reservoir computing,"""reservoir computing""",1975,0,1078301,0
reservoir-computing,Reservoir computing,"""reservoir computing""",1976,0,1101044,0
reservoir-computing,Reservoir computing,"""reservoir computing""",1977,0,1148931,0
reservoir-computing,Reservoir computing,"""reservoir computing""",1978,0,1200250,0
reservoir-computing,Reservoir computing,"""reservoir computing""",1979,0,1246297,0
reservoir-computing,Reservoir computing,"""reservoir computing""",1980,0,1367320,0
reservoir-computing,Reservoir computing,"""reservoir computing""",1981,0,1357201,0
reservoir-computing,Reservoir computing,"""reservoir computing""",1982,0,1390231,0
reservoir-computing,Reservoir computing,"""reservoir computing""",1983,0,1446210,0
reservoir-computing,Reservoir computing,"""reservoir computing""",1984,0,1515009,0
reservoir-computing,Reservoir computing,"""reservoir computing""",1985,0,1564860,0
reservoir-computing,Reservoir computing,"""reservoir computing""",1986,0,1643998,0
reservoir-computing,Reservoir computing,"""reservoir computing""",1987,0,1731592,0
reservoir-computing,Reservoir computing,"""reservoir computing""",1988,0,1812208,0
reservoir-computing,Reservoir computing,"""reservoir computing""",1989,0,1930828,0
reservoir-computing,Reservoir computing,"""reservoir computing""",1990,0,2092175,0
reservoir-computing,Reservoir computing,"""reservoir computing""",1991,0,2088432,0
reservoir-computing,Reservoir computing,"""reservoir computing""",1992,0,2187437,0
reservoir-computing,Reservoir computing,"""reservoir computing""",1993,0,2281828,0
reservoir-computing,Reservoir computing,"""reservoir computing""",1994,0,2408187,0
reservoir-computing,Reservoir computing,"""reservoir computing""",1995,0,2559331,0
reservoir-computing,Reservoir computing,"""reservoir computing""",1996,0,2772211,0
reservoir-computing,Reservoir computing,"""reservoir computing""",1997,0,2863925,0
reservoir-computing,Reservoir computing,"""reservoir computing""",1998,0,3049279,0
reservoir-computing,Reservoir computing,"""reservoir computing""",1999,0,3164532,0
reservoir-computing,Reservoir computing,"""reservoir computing""",2000,3,3819839,0.0785
reservoir-computing,Reservoir computing,"""reservoir computing""",2001,0,3823161,0
reservoir-computing,Reservoir computing,"""reservoir computing""",2002,0,4435510,0
reservoir-computing,Reservoir computing,"""reservoir computing""",2003,0,4719053,0
reservoir-computing,Reservoir computing,"""reservoir computing""",2004,0,5122354,0
reservoir-computing,Reservoir computing,"""reservoir computing""",2005,2,5473330,0.0365
reservoir-computing,Reservoir computing,"""reservoir computing""",2006,4,5962176,0.0671
reservoir-computing,Reservoir computing,"""reservoir computing""",2007,10,6498279,0.1539
reservoir-computing,Reservoir computing,"""reservoir computing""",2008,22,6992649,0.3146
reservoir-computing,Reservoir computing,"""reservoir computing""",2009,23,7564516,0.3041
reservoir-computing,Reservoir computing,"""reservoir computing""",2010,19,8106478,0.2344
reservoir-computing,Reservoir computing,"""reservoir computing""",2011,25,8722894,0.2866
reservoir-computing,Reservoir computing,"""reservoir computing""",2012,38,8993417,0.4225
reservoir-computing,Reservoir computing,"""reservoir computing""",2013,46,9445386,0.487
reservoir-computing,Reservoir computing,"""reservoir computing""",2014,46,9998226,0.4601
reservoir-computing,Reservoir computing,"""reservoir computing""",2015,38,10215433,0.372
reservoir-computing,Reservoir computing,"""reservoir computing""",2016,69,10628204,0.6492
reservoir-computing,Reservoir computing,"""reservoir computing""",2017,102,10486826,0.9726
reservoir-computing,Reservoir computing,"""reservoir computing""",2018,119,10440560,1.1398
reservoir-computing,Reservoir computing,"""reservoir computing""",2019,181,10809025,1.6745
reservoir-computing,Reservoir computing,"""reservoir computing""",2020,212,11502225,1.8431
reservoir-computing,Reservoir computing,"""reservoir computing""",2021,308,10787054,2.8553
reservoir-computing,Reservoir computing,"""reservoir computing""",2022,321,10282098,3.1219
reservoir-computing,Reservoir computing,"""reservoir computing""",2023,455,10918455,4.1673
reservoir-computing,Reservoir computing,"""reservoir computing""",2024,555,10868091,5.1067
reservoir-computing,Reservoir computing,"""reservoir computing""",2025,752,14673699,5.1248
neuroevolution,Neuroevolution,neuroevolution,1950,0,312851,0
neuroevolution,Neuroevolution,neuroevolution,1951,0,319173,0
neuroevolution,Neuroevolution,neuroevolution,1952,0,330035,0
neuroevolution,Neuroevolution,neuroevolution,1953,0,346304,0
neuroevolution,Neuroevolution,neuroevolution,1954,0,355124,0
neuroevolution,Neuroevolution,neuroevolution,1955,0,365453,0
neuroevolution,Neuroevolution,neuroevolution,1956,0,374480,0
neuroevolution,Neuroevolution,neuroevolution,1957,0,393989,0
neuroevolution,Neuroevolution,neuroevolution,1958,0,418068,0
neuroevolution,Neuroevolution,neuroevolution,1959,0,442727,0
neuroevolution,Neuroevolution,neuroevolution,1960,0,500061,0
neuroevolution,Neuroevolution,neuroevolution,1961,0,489185,0
neuroevolution,Neuroevolution,neuroevolution,1962,0,516715,0
neuroevolution,Neuroevolution,neuroevolution,1963,0,568963,0
neuroevolution,Neuroevolution,neuroevolution,1964,0,600620,0
neuroevolution,Neuroevolution,neuroevolution,1965,0,648891,0
neuroevolution,Neuroevolution,neuroevolution,1966,0,703066,0
neuroevolution,Neuroevolution,neuroevolution,1967,0,755142,0
neuroevolution,Neuroevolution,neuroevolution,1968,0,808598,0
neuroevolution,Neuroevolution,neuroevolution,1969,0,861849,0
neuroevolution,Neuroevolution,neuroevolution,1970,0,1010448,0
neuroevolution,Neuroevolution,neuroevolution,1971,0,933800,0
neuroevolution,Neuroevolution,neuroevolution,1972,0,975399,0
neuroevolution,Neuroevolution,neuroevolution,1973,0,994696,0
neuroevolution,Neuroevolution,neuroevolution,1974,0,1035402,0
neuroevolution,Neuroevolution,neuroevolution,1975,0,1078301,0
neuroevolution,Neuroevolution,neuroevolution,1976,0,1101044,0
neuroevolution,Neuroevolution,neuroevolution,1977,0,1148931,0
neuroevolution,Neuroevolution,neuroevolution,1978,0,1200250,0
neuroevolution,Neuroevolution,neuroevolution,1979,0,1246297,0
neuroevolution,Neuroevolution,neuroevolution,1980,0,1367320,0
neuroevolution,Neuroevolution,neuroevolution,1981,0,1357201,0
neuroevolution,Neuroevolution,neuroevolution,1982,0,1390231,0
neuroevolution,Neuroevolution,neuroevolution,1983,0,1446210,0
neuroevolution,Neuroevolution,neuroevolution,1984,0,1515009,0
neuroevolution,Neuroevolution,neuroevolution,1985,0,1564860,0
neuroevolution,Neuroevolution,neuroevolution,1986,0,1643998,0
neuroevolution,Neuroevolution,neuroevolution,1987,0,1731592,0
neuroevolution,Neuroevolution,neuroevolution,1988,0,1812208,0
neuroevolution,Neuroevolution,neuroevolution,1989,0,1930828,0
neuroevolution,Neuroevolution,neuroevolution,1990,0,2092175,0
neuroevolution,Neuroevolution,neuroevolution,1991,0,2088432,0
neuroevolution,Neuroevolution,neuroevolution,1992,0,2187437,0
neuroevolution,Neuroevolution,neuroevolution,1993,0,2281828,0
neuroevolution,Neuroevolution,neuroevolution,1994,0,2408187,0
neuroevolution,Neuroevolution,neuroevolution,1995,0,2559331,0
neuroevolution,Neuroevolution,neuroevolution,1996,0,2772211,0
neuroevolution,Neuroevolution,neuroevolution,1997,0,2863925,0
neuroevolution,Neuroevolution,neuroevolution,1998,0,3049279,0
neuroevolution,Neuroevolution,neuroevolution,1999,0,3164532,0
neuroevolution,Neuroevolution,neuroevolution,2000,0,3819839,0
neuroevolution,Neuroevolution,neuroevolution,2001,0,3823161,0
neuroevolution,Neuroevolution,neuroevolution,2002,2,4435510,0.0451
neuroevolution,Neuroevolution,neuroevolution,2003,6,4719053,0.1271
neuroevolution,Neuroevolution,neuroevolution,2004,2,5122354,0.039
neuroevolution,Neuroevolution,neuroevolution,2005,11,5473330,0.201
neuroevolution,Neuroevolution,neuroevolution,2006,13,5962176,0.218
neuroevolution,Neuroevolution,neuroevolution,2007,6,6498279,0.0923
neuroevolution,Neuroevolution,neuroevolution,2008,16,6992649,0.2288
neuroevolution,Neuroevolution,neuroevolution,2009,15,7564516,0.1983
neuroevolution,Neuroevolution,neuroevolution,2010,10,8106478,0.1234
neuroevolution,Neuroevolution,neuroevolution,2011,13,8722894,0.149
neuroevolution,Neuroevolution,neuroevolution,2012,30,8993417,0.3336
neuroevolution,Neuroevolution,neuroevolution,2013,20,9445386,0.2117
neuroevolution,Neuroevolution,neuroevolution,2014,22,9998226,0.22
neuroevolution,Neuroevolution,neuroevolution,2015,21,10215433,0.2056
neuroevolution,Neuroevolution,neuroevolution,2016,22,10628204,0.207
neuroevolution,Neuroevolution,neuroevolution,2017,30,10486826,0.2861
neuroevolution,Neuroevolution,neuroevolution,2018,42,10440560,0.4023
neuroevolution,Neuroevolution,neuroevolution,2019,62,10809025,0.5736
neuroevolution,Neuroevolution,neuroevolution,2020,58,11502225,0.5043
neuroevolution,Neuroevolution,neuroevolution,2021,74,10787054,0.686
neuroevolution,Neuroevolution,neuroevolution,2022,77,10282098,0.7489
neuroevolution,Neuroevolution,neuroevolution,2023,88,10918455,0.806
neuroevolution,Neuroevolution,neuroevolution,2024,77,10868091,0.7085
neuroevolution,Neuroevolution,neuroevolution,2025,100,14673699,0.6815
symbolic-regression,Symbolic regression,"""symbolic regression""",1950,0,312851,0
symbolic-regression,Symbolic regression,"""symbolic regression""",1951,0,319173,0
symbolic-regression,Symbolic regression,"""symbolic regression""",1952,0,330035,0
symbolic-regression,Symbolic regression,"""symbolic regression""",1953,0,346304,0
symbolic-regression,Symbolic regression,"""symbolic regression""",1954,0,355124,0
symbolic-regression,Symbolic regression,"""symbolic regression""",1955,0,365453,0
symbolic-regression,Symbolic regression,"""symbolic regression""",1956,0,374480,0
symbolic-regression,Symbolic regression,"""symbolic regression""",1957,0,393989,0
symbolic-regression,Symbolic regression,"""symbolic regression""",1958,0,418068,0
symbolic-regression,Symbolic regression,"""symbolic regression""",1959,0,442727,0
symbolic-regression,Symbolic regression,"""symbolic regression""",1960,0,500061,0
symbolic-regression,Symbolic regression,"""symbolic regression""",1961,0,489185,0
symbolic-regression,Symbolic regression,"""symbolic regression""",1962,0,516715,0
symbolic-regression,Symbolic regression,"""symbolic regression""",1963,0,568963,0
symbolic-regression,Symbolic regression,"""symbolic regression""",1964,0,600620,0
symbolic-regression,Symbolic regression,"""symbolic regression""",1965,0,648891,0
symbolic-regression,Symbolic regression,"""symbolic regression""",1966,0,703066,0
symbolic-regression,Symbolic regression,"""symbolic regression""",1967,0,755142,0
symbolic-regression,Symbolic regression,"""symbolic regression""",1968,0,808598,0
symbolic-regression,Symbolic regression,"""symbolic regression""",1969,0,861849,0
symbolic-regression,Symbolic regression,"""symbolic regression""",1970,0,1010448,0
symbolic-regression,Symbolic regression,"""symbolic regression""",1971,0,933800,0
symbolic-regression,Symbolic regression,"""symbolic regression""",1972,0,975399,0
symbolic-regression,Symbolic regression,"""symbolic regression""",1973,0,994696,0
symbolic-regression,Symbolic regression,"""symbolic regression""",1974,0,1035402,0
symbolic-regression,Symbolic regression,"""symbolic regression""",1975,0,1078301,0
symbolic-regression,Symbolic regression,"""symbolic regression""",1976,0,1101044,0
symbolic-regression,Symbolic regression,"""symbolic regression""",1977,0,1148931,0
symbolic-regression,Symbolic regression,"""symbolic regression""",1978,0,1200250,0
symbolic-regression,Symbolic regression,"""symbolic regression""",1979,0,1246297,0
symbolic-regression,Symbolic regression,"""symbolic regression""",1980,0,1367320,0
symbolic-regression,Symbolic regression,"""symbolic regression""",1981,0,1357201,0
symbolic-regression,Symbolic regression,"""symbolic regression""",1982,0,1390231,0
symbolic-regression,Symbolic regression,"""symbolic regression""",1983,0,1446210,0
symbolic-regression,Symbolic regression,"""symbolic regression""",1984,0,1515009,0
symbolic-regression,Symbolic regression,"""symbolic regression""",1985,0,1564860,0
symbolic-regression,Symbolic regression,"""symbolic regression""",1986,0,1643998,0
symbolic-regression,Symbolic regression,"""symbolic regression""",1987,0,1731592,0
symbolic-regression,Symbolic regression,"""symbolic regression""",1988,0,1812208,0
symbolic-regression,Symbolic regression,"""symbolic regression""",1989,0,1930828,0
symbolic-regression,Symbolic regression,"""symbolic regression""",1990,0,2092175,0
symbolic-regression,Symbolic regression,"""symbolic regression""",1991,0,2088432,0
symbolic-regression,Symbolic regression,"""symbolic regression""",1992,0,2187437,0
symbolic-regression,Symbolic regression,"""symbolic regression""",1993,0,2281828,0
symbolic-regression,Symbolic regression,"""symbolic regression""",1994,0,2408187,0
symbolic-regression,Symbolic regression,"""symbolic regression""",1995,1,2559331,0.0391
symbolic-regression,Symbolic regression,"""symbolic regression""",1996,0,2772211,0
symbolic-regression,Symbolic regression,"""symbolic regression""",1997,0,2863925,0
symbolic-regression,Symbolic regression,"""symbolic regression""",1998,3,3049279,0.0984
symbolic-regression,Symbolic regression,"""symbolic regression""",1999,3,3164532,0.0948
symbolic-regression,Symbolic regression,"""symbolic regression""",2000,0,3819839,0
symbolic-regression,Symbolic regression,"""symbolic regression""",2001,4,3823161,0.1046
symbolic-regression,Symbolic regression,"""symbolic regression""",2002,8,4435510,0.1804
symbolic-regression,Symbolic regression,"""symbolic regression""",2003,6,4719053,0.1271
symbolic-regression,Symbolic regression,"""symbolic regression""",2004,8,5122354,0.1562
symbolic-regression,Symbolic regression,"""symbolic regression""",2005,10,5473330,0.1827
symbolic-regression,Symbolic regression,"""symbolic regression""",2006,6,5962176,0.1006
symbolic-regression,Symbolic regression,"""symbolic regression""",2007,14,6498279,0.2154
symbolic-regression,Symbolic regression,"""symbolic regression""",2008,15,6992649,0.2145
symbolic-regression,Symbolic regression,"""symbolic regression""",2009,11,7564516,0.1454
symbolic-regression,Symbolic regression,"""symbolic regression""",2010,16,8106478,0.1974
symbolic-regression,Symbolic regression,"""symbolic regression""",2011,25,8722894,0.2866
symbolic-regression,Symbolic regression,"""symbolic regression""",2012,23,8993417,0.2557
symbolic-regression,Symbolic regression,"""symbolic regression""",2013,41,9445386,0.4341
symbolic-regression,Symbolic regression,"""symbolic regression""",2014,34,9998226,0.3401
symbolic-regression,Symbolic regression,"""symbolic regression""",2015,36,10215433,0.3524
symbolic-regression,Symbolic regression,"""symbolic regression""",2016,42,10628204,0.3952
symbolic-regression,Symbolic regression,"""symbolic regression""",2017,44,10486826,0.4196
symbolic-regression,Symbolic regression,"""symbolic regression""",2018,51,10440560,0.4885
symbolic-regression,Symbolic regression,"""symbolic regression""",2019,90,10809025,0.8326
symbolic-regression,Symbolic regression,"""symbolic regression""",2020,91,11502225,0.7912
symbolic-regression,Symbolic regression,"""symbolic regression""",2021,117,10787054,1.0846
symbolic-regression,Symbolic regression,"""symbolic regression""",2022,152,10282098,1.4783
symbolic-regression,Symbolic regression,"""symbolic regression""",2023,202,10918455,1.8501
symbolic-regression,Symbolic regression,"""symbolic regression""",2024,288,10868091,2.65
symbolic-regression,Symbolic regression,"""symbolic regression""",2025,405,14673699,2.76
support-vector-machines,Support vector machines (control),"""support vector machine*""",1950,0,312851,0
support-vector-machines,Support vector machines (control),"""support vector machine*""",1951,0,319173,0
support-vector-machines,Support vector machines (control),"""support vector machine*""",1952,0,330035,0
support-vector-machines,Support vector machines (control),"""support vector machine*""",1953,0,346304,0
support-vector-machines,Support vector machines (control),"""support vector machine*""",1954,0,355124,0
support-vector-machines,Support vector machines (control),"""support vector machine*""",1955,0,365453,0
support-vector-machines,Support vector machines (control),"""support vector machine*""",1956,0,374480,0
support-vector-machines,Support vector machines (control),"""support vector machine*""",1957,0,393989,0
support-vector-machines,Support vector machines (control),"""support vector machine*""",1958,0,418068,0
support-vector-machines,Support vector machines (control),"""support vector machine*""",1959,0,442727,0
support-vector-machines,Support vector machines (control),"""support vector machine*""",1960,0,500061,0
support-vector-machines,Support vector machines (control),"""support vector machine*""",1961,0,489185,0
support-vector-machines,Support vector machines (control),"""support vector machine*""",1962,0,516715,0
support-vector-machines,Support vector machines (control),"""support vector machine*""",1963,0,568963,0
support-vector-machines,Support vector machines (control),"""support vector machine*""",1964,0,600620,0
support-vector-machines,Support vector machines (control),"""support vector machine*""",1965,0,648891,0
support-vector-machines,Support vector machines (control),"""support vector machine*""",1966,0,703066,0
support-vector-machines,Support vector machines (control),"""support vector machine*""",1967,0,755142,0
support-vector-machines,Support vector machines (control),"""support vector machine*""",1968,0,808598,0
support-vector-machines,Support vector machines (control),"""support vector machine*""",1969,0,861849,0
support-vector-machines,Support vector machines (control),"""support vector machine*""",1970,3,1010448,0.2969
support-vector-machines,Support vector machines (control),"""support vector machine*""",1971,0,933800,0
support-vector-machines,Support vector machines (control),"""support vector machine*""",1972,0,975399,0
support-vector-machines,Support vector machines (control),"""support vector machine*""",1973,0,994696,0
support-vector-machines,Support vector machines (control),"""support vector machine*""",1974,0,1035402,0
support-vector-machines,Support vector machines (control),"""support vector machine*""",1975,0,1078301,0
support-vector-machines,Support vector machines (control),"""support vector machine*""",1976,0,1101044,0
support-vector-machines,Support vector machines (control),"""support vector machine*""",1977,0,1148931,0
support-vector-machines,Support vector machines (control),"""support vector machine*""",1978,0,1200250,0
support-vector-machines,Support vector machines (control),"""support vector machine*""",1979,0,1246297,0
support-vector-machines,Support vector machines (control),"""support vector machine*""",1980,0,1367320,0
support-vector-machines,Support vector machines (control),"""support vector machine*""",1981,0,1357201,0
support-vector-machines,Support vector machines (control),"""support vector machine*""",1982,0,1390231,0
support-vector-machines,Support vector machines (control),"""support vector machine*""",1983,0,1446210,0
support-vector-machines,Support vector machines (control),"""support vector machine*""",1984,0,1515009,0
support-vector-machines,Support vector machines (control),"""support vector machine*""",1985,0,1564860,0
support-vector-machines,Support vector machines (control),"""support vector machine*""",1986,0,1643998,0
support-vector-machines,Support vector machines (control),"""support vector machine*""",1987,0,1731592,0
support-vector-machines,Support vector machines (control),"""support vector machine*""",1988,0,1812208,0
support-vector-machines,Support vector machines (control),"""support vector machine*""",1989,0,1930828,0
support-vector-machines,Support vector machines (control),"""support vector machine*""",1990,0,2092175,0
support-vector-machines,Support vector machines (control),"""support vector machine*""",1991,0,2088432,0
support-vector-machines,Support vector machines (control),"""support vector machine*""",1992,0,2187437,0
support-vector-machines,Support vector machines (control),"""support vector machine*""",1993,0,2281828,0
support-vector-machines,Support vector machines (control),"""support vector machine*""",1994,0,2408187,0
support-vector-machines,Support vector machines (control),"""support vector machine*""",1995,0,2559331,0
support-vector-machines,Support vector machines (control),"""support vector machine*""",1996,1,2772211,0.0361
support-vector-machines,Support vector machines (control),"""support vector machine*""",1997,6,2863925,0.2095
support-vector-machines,Support vector machines (control),"""support vector machine*""",1998,59,3049279,1.9349
support-vector-machines,Support vector machines (control),"""support vector machine*""",1999,89,3164532,2.8124
support-vector-machines,Support vector machines (control),"""support vector machine*""",2000,125,3819839,3.2724
support-vector-machines,Support vector machines (control),"""support vector machine*""",2001,203,3823161,5.3097
support-vector-machines,Support vector machines (control),"""support vector machine*""",2002,431,4435510,9.717
support-vector-machines,Support vector machines (control),"""support vector machine*""",2003,610,4719053,12.9263
support-vector-machines,Support vector machines (control),"""support vector machine*""",2004,835,5122354,16.3011
support-vector-machines,Support vector machines (control),"""support vector machine*""",2005,1240,5473330,22.6553
support-vector-machines,Support vector machines (control),"""support vector machine*""",2006,1623,5962176,27.2216
support-vector-machines,Support vector machines (control),"""support vector machine*""",2007,1632,6498279,25.1143
support-vector-machines,Support vector machines (control),"""support vector machine*""",2008,1752,6992649,25.0549
support-vector-machines,Support vector machines (control),"""support vector machine*""",2009,2017,7564516,26.664
support-vector-machines,Support vector machines (control),"""support vector machine*""",2010,2088,8106478,25.7572
support-vector-machines,Support vector machines (control),"""support vector machine*""",2011,2139,8722894,24.5217
support-vector-machines,Support vector machines (control),"""support vector machine*""",2012,2062,8993417,22.9279
support-vector-machines,Support vector machines (control),"""support vector machine*""",2013,2081,9445386,22.0319
support-vector-machines,Support vector machines (control),"""support vector machine*""",2014,1890,9998226,18.9034
support-vector-machines,Support vector machines (control),"""support vector machine*""",2015,1871,10215433,18.3154
support-vector-machines,Support vector machines (control),"""support vector machine*""",2016,1872,10628204,17.6135
support-vector-machines,Support vector machines (control),"""support vector machine*""",2017,1926,10486826,18.3659
support-vector-machines,Support vector machines (control),"""support vector machine*""",2018,2161,10440560,20.6981
support-vector-machines,Support vector machines (control),"""support vector machine*""",2019,2241,10809025,20.7327
support-vector-machines,Support vector machines (control),"""support vector machine*""",2020,2281,11502225,19.8309
support-vector-machines,Support vector machines (control),"""support vector machine*""",2021,2236,10787054,20.7286
support-vector-machines,Support vector machines (control),"""support vector machine*""",2022,2248,10282098,21.8632
support-vector-machines,Support vector machines (control),"""support vector machine*""",2023,2470,10918455,22.6222
support-vector-machines,Support vector machines (control),"""support vector machine*""",2024,2623,10868091,24.1349
support-vector-machines,Support vector machines (control),"""support vector machine*""",2025,2455,14673699,16.7306
bayesian-networks,Bayesian networks (control),"""bayesian network*""",1950,0,312851,0
bayesian-networks,Bayesian networks (control),"""bayesian network*""",1951,0,319173,0
bayesian-networks,Bayesian networks (control),"""bayesian network*""",1952,0,330035,0
bayesian-networks,Bayesian networks (control),"""bayesian network*""",1953,0,346304,0
bayesian-networks,Bayesian networks (control),"""bayesian network*""",1954,0,355124,0
bayesian-networks,Bayesian networks (control),"""bayesian network*""",1955,0,365453,0
bayesian-networks,Bayesian networks (control),"""bayesian network*""",1956,0,374480,0
bayesian-networks,Bayesian networks (control),"""bayesian network*""",1957,0,393989,0
bayesian-networks,Bayesian networks (control),"""bayesian network*""",1958,0,418068,0
bayesian-networks,Bayesian networks (control),"""bayesian network*""",1959,0,442727,0
bayesian-networks,Bayesian networks (control),"""bayesian network*""",1960,0,500061,0
bayesian-networks,Bayesian networks (control),"""bayesian network*""",1961,0,489185,0
bayesian-networks,Bayesian networks (control),"""bayesian network*""",1962,0,516715,0
bayesian-networks,Bayesian networks (control),"""bayesian network*""",1963,0,568963,0
bayesian-networks,Bayesian networks (control),"""bayesian network*""",1964,0,600620,0
bayesian-networks,Bayesian networks (control),"""bayesian network*""",1965,0,648891,0
bayesian-networks,Bayesian networks (control),"""bayesian network*""",1966,0,703066,0
bayesian-networks,Bayesian networks (control),"""bayesian network*""",1967,0,755142,0
bayesian-networks,Bayesian networks (control),"""bayesian network*""",1968,0,808598,0
bayesian-networks,Bayesian networks (control),"""bayesian network*""",1969,0,861849,0
bayesian-networks,Bayesian networks (control),"""bayesian network*""",1970,0,1010448,0
bayesian-networks,Bayesian networks (control),"""bayesian network*""",1971,0,933800,0
bayesian-networks,Bayesian networks (control),"""bayesian network*""",1972,0,975399,0
bayesian-networks,Bayesian networks (control),"""bayesian network*""",1973,0,994696,0
bayesian-networks,Bayesian networks (control),"""bayesian network*""",1974,0,1035402,0
bayesian-networks,Bayesian networks (control),"""bayesian network*""",1975,0,1078301,0
bayesian-networks,Bayesian networks (control),"""bayesian network*""",1976,0,1101044,0
bayesian-networks,Bayesian networks (control),"""bayesian network*""",1977,0,1148931,0
bayesian-networks,Bayesian networks (control),"""bayesian network*""",1978,0,1200250,0
bayesian-networks,Bayesian networks (control),"""bayesian network*""",1979,0,1246297,0
bayesian-networks,Bayesian networks (control),"""bayesian network*""",1980,0,1367320,0
bayesian-networks,Bayesian networks (control),"""bayesian network*""",1981,0,1357201,0
bayesian-networks,Bayesian networks (control),"""bayesian network*""",1982,0,1390231,0
bayesian-networks,Bayesian networks (control),"""bayesian network*""",1983,0,1446210,0
bayesian-networks,Bayesian networks (control),"""bayesian network*""",1984,0,1515009,0
bayesian-networks,Bayesian networks (control),"""bayesian network*""",1985,1,1564860,0.0639
bayesian-networks,Bayesian networks (control),"""bayesian network*""",1986,0,1643998,0
bayesian-networks,Bayesian networks (control),"""bayesian network*""",1987,0,1731592,0
bayesian-networks,Bayesian networks (control),"""bayesian network*""",1988,2,1812208,0.1104
bayesian-networks,Bayesian networks (control),"""bayesian network*""",1989,2,1930828,0.1036
bayesian-networks,Bayesian networks (control),"""bayesian network*""",1990,9,2092175,0.4302
bayesian-networks,Bayesian networks (control),"""bayesian network*""",1991,5,2088432,0.2394
bayesian-networks,Bayesian networks (control),"""bayesian network*""",1992,10,2187437,0.4572
bayesian-networks,Bayesian networks (control),"""bayesian network*""",1993,22,2281828,0.9641
bayesian-networks,Bayesian networks (control),"""bayesian network*""",1994,25,2408187,1.0381
bayesian-networks,Bayesian networks (control),"""bayesian network*""",1995,32,2559331,1.2503
bayesian-networks,Bayesian networks (control),"""bayesian network*""",1996,58,2772211,2.0922
bayesian-networks,Bayesian networks (control),"""bayesian network*""",1997,57,2863925,1.9903
bayesian-networks,Bayesian networks (control),"""bayesian network*""",1998,78,3049279,2.558
bayesian-networks,Bayesian networks (control),"""bayesian network*""",1999,81,3164532,2.5596
bayesian-networks,Bayesian networks (control),"""bayesian network*""",2000,111,3819839,2.9059
bayesian-networks,Bayesian networks (control),"""bayesian network*""",2001,117,3823161,3.0603
bayesian-networks,Bayesian networks (control),"""bayesian network*""",2002,235,4435510,5.2982
bayesian-networks,Bayesian networks (control),"""bayesian network*""",2003,302,4719053,6.3996
bayesian-networks,Bayesian networks (control),"""bayesian network*""",2004,390,5122354,7.6137
bayesian-networks,Bayesian networks (control),"""bayesian network*""",2005,455,5473330,8.313
bayesian-networks,Bayesian networks (control),"""bayesian network*""",2006,559,5962176,9.3758
bayesian-networks,Bayesian networks (control),"""bayesian network*""",2007,640,6498279,9.8488
bayesian-networks,Bayesian networks (control),"""bayesian network*""",2008,672,6992649,9.6101
bayesian-networks,Bayesian networks (control),"""bayesian network*""",2009,755,7564516,9.9808
bayesian-networks,Bayesian networks (control),"""bayesian network*""",2010,884,8106478,10.9049
bayesian-networks,Bayesian networks (control),"""bayesian network*""",2011,885,8722894,10.1457
bayesian-networks,Bayesian networks (control),"""bayesian network*""",2012,975,8993417,10.8413
bayesian-networks,Bayesian networks (control),"""bayesian network*""",2013,999,9445386,10.5766
bayesian-networks,Bayesian networks (control),"""bayesian network*""",2014,931,9998226,9.3117
bayesian-networks,Bayesian networks (control),"""bayesian network*""",2015,936,10215433,9.1626
bayesian-networks,Bayesian networks (control),"""bayesian network*""",2016,940,10628204,8.8444
bayesian-networks,Bayesian networks (control),"""bayesian network*""",2017,917,10486826,8.7443
bayesian-networks,Bayesian networks (control),"""bayesian network*""",2018,984,10440560,9.4248
bayesian-networks,Bayesian networks (control),"""bayesian network*""",2019,1104,10809025,10.2137
bayesian-networks,Bayesian networks (control),"""bayesian network*""",2020,1255,11502225,10.9109
bayesian-networks,Bayesian networks (control),"""bayesian network*""",2021,1141,10787054,10.5775
bayesian-networks,Bayesian networks (control),"""bayesian network*""",2022,1228,10282098,11.9431
bayesian-networks,Bayesian networks (control),"""bayesian network*""",2023,1223,10918455,11.2012
bayesian-networks,Bayesian networks (control),"""bayesian network*""",2024,1297,10868091,11.934
bayesian-networks,Bayesian networks (control),"""bayesian network*""",2025,1741,14673699,11.8648
